NUMBER,PROMPT,KEY,DATA
1,Item             >,Item,DCS-7500R2-36CQ-LC
2,SEND,BLANK,1
3,Serial #         :,SN,JPE20393201
4,Number of Labels :,QTY,1
5,<Done>,BLANK,
6,Item             >,Item,DCS-7500R2-36CQ-LC
7,SEND,BLANK,1
8,Serial #         :,SN,SGD20081112
9,Number of Labels :,QTY,1
10,<Done>,BLANK,
11,Item             >,Item,DCS-7500R2-36CQ-LC
12,SEND,BLANK,1
13,Serial #         :,SN,JPE20384566
14,Number of Labels :,QTY,1
15,<Done>,BLANK,
16,Item             >,Item,DCS-7500R2-36CQ-LC
17,SEND,BLANK,1
18,Serial #         :,SN,JPE20430448
19,Number of Labels :,QTY,1
20,<Done>,BLANK,
21,Item             >,Item,DCS-7500R2-36CQ-LC
22,SEND,BLANK,1
23,Serial #         :,SN,JPE20430472
24,Number of Labels :,QTY,1
25,<Done>,BLANK,
26,Item             >,Item,DCS-7500R2-36CQ-LC
27,SEND,BLANK,1
28,Serial #         :,SN,JPE20393221
29,Number of Labels :,QTY,1
30,<Done>,BLANK,
31,Item             >,Item,DCS-7500R2-36CQ-LC
32,SEND,BLANK,1
33,Serial #         :,SN,JPE20430569
34,Number of Labels :,QTY,1
35,<Done>,BLANK,
36,Item             >,Item,DCS-7500R2-36CQ-LC
37,SEND,BLANK,1
38,Serial #         :,SN,JPE20340220
39,Number of Labels :,QTY,1
40,<Done>,BLANK,
41,Item             >,Item,DCS-7500R2-36CQ-LC
42,SEND,BLANK,1
43,Serial #         :,SN,JPE20384509
44,Number of Labels :,QTY,1
45,<Done>,BLANK,
46,Item             >,Item,DCS-7500R2-36CQ-LC
47,SEND,BLANK,1
48,Serial #         :,SN,JPE20430427
49,Number of Labels :,QTY,1
50,<Done>,BLANK,
51,Item             >,Item,DCS-7500R2-36CQ-LC
52,SEND,BLANK,1
53,Serial #         :,SN,JPE20384606
54,Number of Labels :,QTY,1
55,<Done>,BLANK,
56,Item             >,Item,DCS-7500R2-36CQ-LC
57,SEND,BLANK,1
58,Serial #         :,SN,JPE19503598
59,Number of Labels :,QTY,1
60,<Done>,BLANK,
61,Item             >,Item,DCS-7500R2-36CQ-LC
62,SEND,BLANK,1
63,Serial #         :,SN,JPE20394471
64,Number of Labels :,QTY,1
65,<Done>,BLANK,
66,Item             >,Item,DCS-7500R2-36CQ-LC
67,SEND,BLANK,1
68,Serial #         :,SN,JPE19480621
69,Number of Labels :,QTY,1
70,<Done>,BLANK,
71,Item             >,Item,DCS-7500R2-36CQ-LC
72,SEND,BLANK,1
73,Serial #         :,SN,JPE19483547
74,Number of Labels :,QTY,1
75,<Done>,BLANK,
76,Item             >,Item,DCS-7500R2-36CQ-LC
77,SEND,BLANK,1
78,Serial #         :,SN,JPE19480664
79,Number of Labels :,QTY,1
80,<Done>,BLANK,
81,Item             >,Item,DCS-7500R2-36CQ-LC
82,SEND,BLANK,1
83,Serial #         :,SN,JPE21493503
84,Number of Labels :,QTY,1
85,<Done>,BLANK,
86,Item             >,Item,DCS-7500R2-36CQ-LC
87,SEND,BLANK,1
88,Serial #         :,SN,JPE19483662
89,Number of Labels :,QTY,1
90,<Done>,BLANK,
91,Item             >,Item,DCS-7500R2-36CQ-LC
92,SEND,BLANK,1
93,Serial #         :,SN,JPE20450940
94,Number of Labels :,QTY,1
95,<Done>,BLANK,
96,Item             >,Item,DCS-7500R2-36CQ-LC
97,SEND,BLANK,1
98,Serial #         :,SN,JPE20400018
99,Number of Labels :,QTY,1
100,<Done>,BLANK,
101,Item             >,Item,DCS-7500R2-36CQ-LC
102,SEND,BLANK,1
103,Serial #         :,SN,JPE19483556
104,Number of Labels :,QTY,1
105,<Done>,BLANK,
106,Item             >,Item,DCS-7500R2-36CQ-LC
107,SEND,BLANK,1
108,Serial #         :,SN,JPE20305372
109,Number of Labels :,QTY,1
110,<Done>,BLANK,
111,Item             >,Item,DCS-7500R2-36CQ-LC
112,SEND,BLANK,1
113,Serial #         :,SN,JPE20430399
114,Number of Labels :,QTY,1
115,<Done>,BLANK,
116,Item             >,Item,DCS-7500R2-36CQ-LC
117,SEND,BLANK,1
118,Serial #         :,SN,JPE20425306
119,Number of Labels :,QTY,1
120,<Done>,BLANK,
121,Item             >,Item,DCS-7500R2-36CQ-LC
122,SEND,BLANK,1
123,Serial #         :,SN,JPE20393181
124,Number of Labels :,QTY,1
125,<Done>,BLANK,
126,Item             >,Item,DCS-7500R2-36CQ-LC
127,SEND,BLANK,1
128,Serial #         :,SN,JPE19483546
129,Number of Labels :,QTY,1
130,<Done>,BLANK,
131,Item             >,Item,DCS-7500R2-36CQ-LC
132,SEND,BLANK,1
133,Serial #         :,SN,JPE20266818
134,Number of Labels :,QTY,1
135,<Done>,BLANK,
136,Item             >,Item,DCS-7500R2-36CQ-LC
137,SEND,BLANK,1
138,Serial #         :,SN,JPE20442997
139,Number of Labels :,QTY,1
140,<Done>,BLANK,
141,Item             >,Item,DCS-7500R2-36CQ-LC
142,SEND,BLANK,1
143,Serial #         :,SN,JPE20443070
144,Number of Labels :,QTY,1
145,<Done>,BLANK,
146,Item             >,Item,DCS-7500R2-36CQ-LC
147,SEND,BLANK,1
148,Serial #         :,SN,JPE19503543
149,Number of Labels :,QTY,1
150,<Done>,BLANK,
151,Item             >,Item,DCS-7500R2-36CQ-LC
152,SEND,BLANK,1
153,Serial #         :,SN,JPE19503576
154,Number of Labels :,QTY,1
155,<Done>,BLANK,
156,FINISHED,,
