NUMBER,PROMPT,KEY,DATA
1,LPN      >,BLANK,
2,Job      >,Job,3915874
3,SN       >,SN1,JPE20170842
4,<Components>,BLANK,
5,SN       >,SN2,JPE20170842
6,<Next Assm>,BLANK,
7,SN       >,SN1,JPE20231696
8,<Components>,BLANK,
9,SN       >,SN2,JPE20231696
10,<Next Assm>,BLANK,
11,SN       >,SN1,JPE20194014
12,<Components>,BLANK,
13,SN       >,SN2,JPE20194014
14,<Next Assm>,BLANK,
15,SN       >,SN1,JPE20211221
16,<Components>,BLANK,
17,SN       >,SN2,JPE20211221
18,<Next Assm>,BLANK,
19,SN       >,SN1,JPE20231613
20,<Components>,BLANK,
21,SN       >,SN2,JPE20231613
22,<Next Assm>,BLANK,
23,SN       >,SN1,JPE20190342
24,<Components>,BLANK,
25,SN       >,SN2,JPE20190342
26,<Next Assm>,BLANK,
27,SN       >,SN1,JPE19453341
28,<Components>,BLANK,
29,SN       >,SN2,JPE19453341
30,<Next Assm>,BLANK,
31,SN       >,SN1,JPE19474610
32,<Components>,BLANK,
33,SN       >,SN2,JPE19474610
34,<Next Assm>,BLANK,
35,SN       >,SN1,JPE19474628
36,<Components>,BLANK,
37,SN       >,SN2,JPE19474628
38,<Next Assm>,BLANK,
39,SN       >,SN1,JPE19470098
40,<Components>,BLANK,
41,SN       >,SN2,JPE19470098
42,<Next Assm>,BLANK,
43,SN       >,SN1,JPE19442702
44,<Components>,BLANK,
45,SN       >,SN2,JPE19442702
46,<Next Assm>,BLANK,
47,SN       >,SN1,JPE19474680
48,<Components>,BLANK,
49,SN       >,SN2,JPE19474680
50,<Next Assm>,BLANK,
51,SN       >,SN1,JPE19370688
52,<Components>,BLANK,
53,SN       >,SN2,JPE19370688
54,<Next Assm>,BLANK,
55,SN       >,SN1,JPE19502714
56,<Components>,BLANK,
57,SN       >,SN2,JPE19502714
58,<Next Assm>,BLANK,
59,SN       >,SN1,JPE19474615
60,<Components>,BLANK,
61,SN       >,SN2,JPE19474615
62,<Next Assm>,BLANK,
63,SN       >,SN1,JPE20212499
64,<Components>,BLANK,
65,SN       >,SN2,JPE20212499
66,<Next Assm>,BLANK,
67,SN       >,SN1,JPE20211215
68,<Components>,BLANK,
69,SN       >,SN2,JPE20211215
70,<Next Assm>,BLANK,
71,SN       >,SN1,JPE20241565
72,<Components>,BLANK,
73,SN       >,SN2,JPE20241565
74,<Next Assm>,BLANK,
75,SN       >,SN1,JPE20241518
76,<Components>,BLANK,
77,SN       >,SN2,JPE20241518
78,<Next Assm>,BLANK,
79,SN       >,SN1,JPE20212538
80,<Components>,BLANK,
81,SN       >,SN2,JPE20212538
82,<Next Assm>,BLANK,
83,SN       >,SN1,JPE20203438
84,<Components>,BLANK,
85,SN       >,SN2,JPE20203438
86,<Next Assm>,BLANK,
87,SN       >,SN1,JPE20182376
88,<Components>,BLANK,
89,SN       >,SN2,JPE20182376
90,<Next Assm>,BLANK,
91,SN       >,SN1,JPE20200515
92,<Components>,BLANK,
93,SN       >,SN2,JPE20200515
94,<Next Assm>,BLANK,
95,SN       >,SN1,JPE19370686
96,<Components>,BLANK,
97,SN       >,SN2,JPE19370686
98,<Next Assm>,BLANK,
99,SN       >,SN1,JPE19480669
100,<Components>,BLANK,
101,SN       >,SN2,JPE19480669
102,<Next Assm>,BLANK,
103,SN       >,SN1,JPE19471157
104,<Components>,BLANK,
105,SN       >,SN2,JPE19471157
106,<Next Assm>,BLANK,
107,SN       >,SN1,JPE19503587
108,<Components>,BLANK,
109,SN       >,SN2,JPE19503587
110,<Next Assm>,BLANK,
111,SN       >,SN1,JPE19464268
112,<Components>,BLANK,
113,SN       >,SN2,JPE19464268
114,<Next Assm>,BLANK,
115,SN       >,SN1,JPE19471061
116,<Components>,BLANK,
117,SN       >,SN2,JPE19471061
118,<Next Assm>,BLANK,
119,SN       >,SN1,JPE20234181
120,<Components>,BLANK,
121,SN       >,SN2,JPE20234181
122,<Next Assm>,BLANK,
123,SN       >,SN1,JPE20231683
124,<Components>,BLANK,
125,SN       >,SN2,JPE20231683
126,<Next Assm>,BLANK,
127,SN       >,SN1,JPE20180519
128,<Components>,BLANK,
129,SN       >,SN2,JPE20180519
130,FINISHED,,
