NUMBER,PROMPT,KEY,DATA
1,Item             >,Item,DCS-7500R2-36CQ-LC
2,SEND,BLANK,1
3,Serial #         :,SN,SGD20442152
4,Number of Labels :,QTY,1
5,<Done>,BLANK,
6,Item             >,Item,DCS-7500R2-36CQ-LC
7,SEND,BLANK,1
8,Serial #         :,SN,JPE20340059
9,Number of Labels :,QTY,1
10,<Done>,BLANK,
11,Item             >,Item,DCS-7500R2-36CQ-LC
12,SEND,BLANK,1
13,Serial #         :,SN,JPE20382705
14,Number of Labels :,QTY,1
15,<Done>,BLANK,
16,FINISHED,,
17,DCS-7500R2-36CQ-LC.ACTUAL.26129.MSN/CSCO,,
