NUMBER,PROMPT,KEY,DATA
1,From LPN   :,FromLPN,L40-SO-12193890-001-7842
2,To LPN     :,C40,C40-8561096
3,Item       >,ChildPart1:,ASR-9902-4P-KIT-L=.ACTUAL.324.MSN/MSIT
4,Qty        :,QuantityP1:,1
5,<Save/Next>,BLANK,
6,Item       >,ChildPart2:,SFP-10G-LR=.ACTUAL.324.MSN/MSIT
7,Qty        :,QuantityP2:,15
8,<Save/Next>,BLANK,
9,Item       >,ChildPart3:,ASR-9902-2P-KIT=.ACTUAL.324.MSN/MSIT
10,Qty        :,QuantityP3:,1
11,<Save/Next>,BLANK,
12,UPARROW,UPARROW,
13,To LPN     :,C40,C40-8561097
14,Item       >,ChildPart1:,ASR-9902-4P-KIT-L=.ACTUAL.324.MSN/MSIT
15,Qty        :,QuantityP1:,1
16,<Save/Next>,BLANK,
17,Item       >,ChildPart2:,SFP-10G-LR=.ACTUAL.324.MSN/MSIT
18,Qty        :,QuantityP2:,15
19,<Save/Next>,BLANK,
20,Item       >,ChildPart3:,ASR-9902-2P-KIT=.ACTUAL.324.MSN/MSIT
21,Qty        :,QuantityP3:,1
22,<Save/Next>,BLANK,
23,UPARROW2,UPARROW2,
24,From LPN   :,FromLPN,L40-SO-12175775-001-7286
25,To LPN     :,C40,C40-8425523
26,Item       >,ChildPart1:,ASR-9902-4P-KIT-L=.ACTUAL.324.MSN/MSIT
27,Qty        :,QuantityP1:,1
28,<Save/Next>,BLANK,
29,Item       >,ChildPart2:,SFP-10G-LR=.ACTUAL.324.MSN/MSIT
30,Qty        :,QuantityP2:,5
31,<Save/Next>,BLANK,
32,Item       >,ChildPart3:,ASR-9902-2P-KIT=.ACTUAL.324.MSN/MSIT
33,Qty        :,QuantityP3:,1
34,<Save/Next>,BLANK,
35,Item       >,ChildPart4:,SFP-1G-LH=.ACTUAL.324.MSN/MSIT
36,Qty        :,QuantityP4:,2
37,<Save/Next>,BLANK,
38,UPARROW,UPARROW,
39,To LPN     :,C40,C40-8425525
40,Item       >,ChildPart1:,ASR-9902-4P-KIT-L=.ACTUAL.324.MSN/MSIT
41,Qty        :,QuantityP1:,1
42,<Save/Next>,BLANK,
43,Item       >,ChildPart2:,SFP-10G-LR=.ACTUAL.324.MSN/MSIT
44,Qty        :,QuantityP2:,5
45,<Save/Next>,BLANK,
46,Item       >,ChildPart3:,ASR-9902-2P-KIT=.ACTUAL.324.MSN/MSIT
47,Qty        :,QuantityP3:,1
48,<Save/Next>,BLANK,
49,Item       >,ChildPart4:,SFP-1G-LH=.ACTUAL.324.MSN/MSIT
50,Qty        :,QuantityP4:,2
51,<Save/Next>,BLANK,
52,FINISHED,,
53,SPLIT,,
