NUMBER,PROMPT,KEY,DATA
1,LPN      >,BLANK,
2,Job      >,Job,3915877
3,SN       >,SN1,JPE20383628
4,<Components>,BLANK,
5,SN       >,SN2,JPE20383628
6,<Next Assm>,BLANK,
7,SN       >,SN1,JPE20400151
8,<Components>,BLANK,
9,SN       >,SN2,JPE20400151
10,<Next Assm>,BLANK,
11,SN       >,SN1,JPE20430470
12,<Components>,BLANK,
13,SN       >,SN2,JPE20430470
14,<Next Assm>,BLANK,
15,SN       >,SN1,JPE20381260
16,<Components>,BLANK,
17,SN       >,SN2,JPE20381260
18,<Next Assm>,BLANK,
19,SN       >,SN1,JPE19483651
20,<Components>,BLANK,
21,SN       >,SN2,JPE19483651
22,<Next Assm>,BLANK,
23,SN       >,SN1,JPE19502694
24,<Components>,BLANK,
25,SN       >,SN2,JPE19502694
26,<Next Assm>,BLANK,
27,SN       >,SN1,JPE20383609
28,<Components>,BLANK,
29,SN       >,SN2,JPE20383609
30,<Next Assm>,BLANK,
31,SN       >,SN1,JPE20430429
32,<Components>,BLANK,
33,SN       >,SN2,JPE20430429
34,<Next Assm>,BLANK,
35,SN       >,SN1,JPE19483561
36,<Components>,BLANK,
37,SN       >,SN2,JPE19483561
38,<Next Assm>,BLANK,
39,SN       >,SN1,SGD19503291
40,<Components>,BLANK,
41,SN       >,SN2,SGD19503291
42,<Next Assm>,BLANK,
43,SN       >,SN1,SGD19503411
44,<Components>,BLANK,
45,SN       >,SN2,SGD19503411
46,<Next Assm>,BLANK,
47,SN       >,SN1,SGD19503242
48,<Components>,BLANK,
49,SN       >,SN2,SGD19503242
50,<Next Assm>,BLANK,
51,SN       >,SN1,SGD19503282
52,<Components>,BLANK,
53,SN       >,SN2,SGD19503282
54,<Next Assm>,BLANK,
55,SN       >,SN1,JPE19483722
56,<Components>,BLANK,
57,SN       >,SN2,JPE19483722
58,<Next Assm>,BLANK,
59,SN       >,SN1,JPE19483638
60,<Components>,BLANK,
61,SN       >,SN2,JPE19483638
62,<Next Assm>,BLANK,
63,SN       >,SN1,JPE20442993
64,<Components>,BLANK,
65,SN       >,SN2,JPE20442993
66,<Next Assm>,BLANK,
67,SN       >,SN1,JPE20384599
68,<Components>,BLANK,
69,SN       >,SN2,JPE20384599
70,<Next Assm>,BLANK,
71,SN       >,SN1,JPE20383567
72,<Components>,BLANK,
73,SN       >,SN2,JPE20383567
74,<Next Assm>,BLANK,
75,SN       >,SN1,JPE20430440
76,<Components>,BLANK,
77,SN       >,SN2,JPE20430440
78,<Next Assm>,BLANK,
79,SN       >,SN1,JPE20382690
80,<Components>,BLANK,
81,SN       >,SN2,JPE20382690
82,<Next Assm>,BLANK,
83,SN       >,SN1,JPE20430592
84,<Components>,BLANK,
85,SN       >,SN2,JPE20430592
86,<Next Assm>,BLANK,
87,SN       >,SN1,JPE20430509
88,<Components>,BLANK,
89,SN       >,SN2,JPE20430509
90,<Next Assm>,BLANK,
91,SN       >,SN1,JPE20384564
92,<Components>,BLANK,
93,SN       >,SN2,JPE20384564
94,<Next Assm>,BLANK,
95,SN       >,SN1,JPE20412853
96,<Components>,BLANK,
97,SN       >,SN2,JPE20412853
98,<Next Assm>,BLANK,
99,SN       >,SN1,JPE20384595
100,<Components>,BLANK,
101,SN       >,SN2,JPE20384595
102,<Next Assm>,BLANK,
103,SN       >,SN1,JPE20382657
104,<Components>,BLANK,
105,SN       >,SN2,JPE20382657
106,<Next Assm>,BLANK,
107,SN       >,SN1,JPE20382665
108,<Components>,BLANK,
109,SN       >,SN2,JPE20382665
110,<Next Assm>,BLANK,
111,SN       >,SN1,JPE20383556
112,<Components>,BLANK,
113,SN       >,SN2,JPE20383556
114,<Next Assm>,BLANK,
115,SN       >,SN1,JPE20382645
116,<Components>,BLANK,
117,SN       >,SN2,JPE20382645
118,FINISHED,,
