NUMBER,PROMPT,KEY,DATA
1,LPN      >,BLANK,
2,Job      >,Job,3915870
3,SN       >,SN1,JPA2304P1W5
4,<Components>,BLANK,
5,SN       >,SN2,JPA2304P1W5
6,<Next Assm>,BLANK,
7,SN       >,SN1,SGD22140332
8,<Components>,BLANK,
9,SN       >,SN2,SGD22140332
10,<Next Assm>,BLANK,
11,SN       >,SN1,JPA2304P1YY
12,<Components>,BLANK,
13,SN       >,SN2,JPA2304P1YY
14,<Next Assm>,BLANK,
15,SN       >,SN1,SGD20442117
16,<Components>,BLANK,
17,SN       >,SN2,SGD20442117
18,<Next Assm>,BLANK,
19,SN       >,SN1,JPE20041984
20,<Components>,BLANK,
21,SN       >,SN2,JPE20041984
22,<Next Assm>,BLANK,
23,SN       >,SN1,JPE19483564
24,<Components>,BLANK,
25,SN       >,SN2,JPE19483564
26,<Next Assm>,BLANK,
27,SN       >,SN1,JPE20383578
28,<Components>,BLANK,
29,SN       >,SN2,JPE20383578
30,<Next Assm>,BLANK,
31,SN       >,SN1,JPE19281326
32,<Components>,BLANK,
33,SN       >,SN2,JPE19281326
34,<Next Assm>,BLANK,
35,SN       >,SN1,SGD20442187
36,<Components>,BLANK,
37,SN       >,SN2,SGD20442187
38,<Next Assm>,BLANK,
39,SN       >,SN1,SGD20410324
40,<Components>,BLANK,
41,SN       >,SN2,SGD20410324
42,<Next Assm>,BLANK,
43,SN       >,SN1,JPA2304P0G0
44,<Components>,BLANK,
45,SN       >,SN2,JPA2304P0G0
46,<Next Assm>,BLANK,
47,SN       >,SN1,SSJ19110666
48,<Components>,BLANK,
49,SN       >,SN2,SSJ19110666
50,<Next Assm>,BLANK,
51,SN       >,SN1,SSJ19093403
52,<Components>,BLANK,
53,SN       >,SN2,SSJ19093403
54,<Next Assm>,BLANK,
55,SN       >,SN1,SGD22140300
56,<Components>,BLANK,
57,SN       >,SN2,SGD22140300
58,<Next Assm>,BLANK,
59,SN       >,SN1,JPA2304P1WM
60,<Components>,BLANK,
61,SN       >,SN2,JPA2304P1WM
62,<Next Assm>,BLANK,
63,SN       >,SN1,SGD20420738
64,<Components>,BLANK,
65,SN       >,SN2,SGD20420738
66,<Next Assm>,BLANK,
67,SN       >,SN1,SGD20442263
68,<Components>,BLANK,
69,SN       >,SN2,SGD20442263
70,<Next Assm>,BLANK,
71,SN       >,SN1,SGD22140236
72,<Components>,BLANK,
73,SN       >,SN2,SGD22140236
74,<Next Assm>,BLANK,
75,SN       >,SN1,SSJ19082132
76,<Components>,BLANK,
77,SN       >,SN2,SSJ19082132
78,<Next Assm>,BLANK,
79,SN       >,SN1,SSJ19100600
80,<Components>,BLANK,
81,SN       >,SN2,SSJ19100600
82,<Next Assm>,BLANK,
83,SN       >,SN1,SSJ19110595
84,<Components>,BLANK,
85,SN       >,SN2,SSJ19110595
86,<Next Assm>,BLANK,
87,SN       >,SN1,SGD22140299
88,<Components>,BLANK,
89,SN       >,SN2,SGD22140299
90,<Next Assm>,BLANK,
91,SN       >,SN1,JPE20400055
92,<Components>,BLANK,
93,SN       >,SN2,JPE20400055
94,<Next Assm>,BLANK,
95,SN       >,SN1,SGD22140237
96,<Components>,BLANK,
97,SN       >,SN2,SGD22140237
98,<Next Assm>,BLANK,
99,SN       >,SN1,JPA2302P0X4
100,<Components>,BLANK,
101,SN       >,SN2,JPA2302P0X4
102,<Next Assm>,BLANK,
103,SN       >,SN1,JPE20020912
104,<Components>,BLANK,
105,SN       >,SN2,JPE20020912
106,<Next Assm>,BLANK,
107,SN       >,SN1,JPE20043202
108,<Components>,BLANK,
109,SN       >,SN2,JPE20043202
110,<Next Assm>,BLANK,
111,SN       >,SN1,SSJ19110825
112,<Components>,BLANK,
113,SN       >,SN2,SSJ19110825
114,<Next Assm>,BLANK,
115,SN       >,SN1,SGD22140342
116,<Components>,BLANK,
117,SN       >,SN2,SGD22140342
118,<Next Assm>,BLANK,
119,SN       >,SN1,JPE19281337
120,<Components>,BLANK,
121,SN       >,SN2,JPE19281337
122,<Next Assm>,BLANK,
123,SN       >,SN1,SGD20420258
124,<Components>,BLANK,
125,SN       >,SN2,SGD20420258
126,FINISHED,,
