NUMBER,PROMPT,KEY,DATA
1,Item             >,Item,3HE18432AA
2,SEND,BLANK,2
3,Serial #         :,SN,NK224811111
4,Number of Labels :,QTY,1
5,<Done>,BLANK,
6,Item             >,Item,3HE18432AA
7,SEND,BLANK,2
8,Serial #         :,SN,NK223410526
9,Number of Labels :,QTY,1
10,<Done>,BLANK,
11,Item             >,Item,3HE18432AA
12,SEND,BLANK,2
13,Serial #         :,SN,NK223410410
14,Number of Labels :,QTY,1
15,<Done>,BLANK,
16,Item             >,Item,3HE18432AA
17,SEND,BLANK,2
18,Serial #         :,SN,NK242410943
19,Number of Labels :,QTY,1
20,<Done>,BLANK,
21,Item             >,Item,3HE18432AA
22,SEND,BLANK,2
23,Serial #         :,SN,NK242410934
24,Number of Labels :,QTY,1
25,<Done>,BLANK,
26,Item             >,Item,3HE18432AA
27,SEND,BLANK,2
28,Serial #         :,SN,NK225210156
29,Number of Labels :,QTY,1
30,<Done>,BLANK,
31,Item             >,Item,3HE18432AA
32,SEND,BLANK,2
33,Serial #         :,SN,NK215010635
34,Number of Labels :,QTY,1
35,<Done>,BLANK,
36,Item             >,Item,3HE18432AA
37,SEND,BLANK,2
38,Serial #         :,SN,NK232713087
39,Number of Labels :,QTY,1
40,<Done>,BLANK,
41,Item             >,Item,3HE18432AA
42,SEND,BLANK,2
43,Serial #         :,SN,NK242412524
44,Number of Labels :,QTY,1
45,<Done>,BLANK,
46,Item             >,Item,3HE18432AA
47,SEND,BLANK,2
48,Serial #         :,SN,NK242412499
49,Number of Labels :,QTY,1
50,<Done>,BLANK,
51,Item             >,Item,3HE18432AA
52,SEND,BLANK,2
53,Serial #         :,SN,NK222610661
54,Number of Labels :,QTY,1
55,<Done>,BLANK,
56,Item             >,Item,3HE18432AA
57,SEND,BLANK,2
58,Serial #         :,SN,NK242411053
59,Number of Labels :,QTY,1
60,<Done>,BLANK,
61,Item             >,Item,3HE18432AA
62,SEND,BLANK,2
63,Serial #         :,SN,NK242412748
64,Number of Labels :,QTY,1
65,<Done>,BLANK,
66,Item             >,Item,3HE18432AA
67,SEND,BLANK,2
68,Serial #         :,SN,NK242310915
69,Number of Labels :,QTY,1
70,<Done>,BLANK,
71,Item             >,Item,3HE18432AA
72,SEND,BLANK,2
73,Serial #         :,SN,NK222610541
74,Number of Labels :,QTY,1
75,<Done>,BLANK,
76,FINISHED,,
77,ASSETLABELS,,
