NUMBER,PROMPT,KEY,DATA
1,LPN          >,LPN,L40-MO154384477-001-0223
2,To Loc       >,LOC,ZL3RU03
3,To CG        >,CG,MSN_DISP-C
4,<Done>,BLANK,
5,LPN          >,LPN,L40-MO154384477-001-7830
6,To Loc       >,LOC,ZL3RU03
7,To CG        >,CG,MSN_DISP-C
8,<Done>,BLANK,
9,LPN          >,LPN,L40-MO154384477-002-7830
10,To Loc       >,LOC,ZL3RU03
11,To CG        >,CG,MSN_DISP-C
12,<Done>,BLANK,
13,LPN          >,LPN,L40-MO154384477-003-7830
14,To Loc       >,LOC,ZL3RU03
15,To CG        >,CG,MSN_DISP-C
16,<Done>,BLANK,
17,LPN          >,LPN,L40-MO154386977-001-6525
18,To Loc       >,LOC,ZL3RU03
19,To CG        >,CG,MSN_DISP-C
20,<Done>,BLANK,
21,LPN          >,LPN,L40-MO154386979-001-4746
22,To Loc       >,LOC,ZL3RU03
23,To CG        >,CG,MSN_DISP-C
24,<Done>,BLANK,
25,FINISHED,,
26,CGTRANSFER,,
