NUMBER,PROMPT,KEY,DATA
1,Item             >,Item,DCS-7500R2-36CQ-LC
2,SEND,BLANK,1
3,Serial #         :,SN,SSJ19032496
4,Number of Labels :,QTY,1
5,<Done>,BLANK,
6,Item             >,Item,DCS-7500R2-36CQ-LC
7,SEND,BLANK,1
8,Serial #         :,SN,SGD22140225
9,Number of Labels :,QTY,1
10,<Done>,BLANK,
11,Item             >,Item,DCS-7500R2-36CQ-LC
12,SEND,BLANK,1
13,Serial #         :,SN,SGD22140221
14,Number of Labels :,QTY,1
15,<Done>,BLANK,
16,Item             >,Item,DCS-7500R2-36CQ-LC
17,SEND,BLANK,1
18,Serial #         :,SN,JPA2306P02X
19,Number of Labels :,QTY,1
20,<Done>,BLANK,
21,Item             >,Item,DCS-7500R2-36CQ-LC
22,SEND,BLANK,1
23,Serial #         :,SN,SGD22140355
24,Number of Labels :,QTY,1
25,<Done>,BLANK,
26,Item             >,Item,DCS-7500R2-36CQ-LC
27,SEND,BLANK,1
28,Serial #         :,SN,SGD22100625
29,Number of Labels :,QTY,1
30,<Done>,BLANK,
31,Item             >,Item,DCS-7500R2-36CQ-LC
32,SEND,BLANK,1
33,Serial #         :,SN,JPA2304P1WU
34,Number of Labels :,QTY,1
35,<Done>,BLANK,
36,Item             >,Item,DCS-7500R2-36CQ-LC
37,SEND,BLANK,1
38,Serial #         :,SN,JPE20042239
39,Number of Labels :,QTY,1
40,<Done>,BLANK,
41,Item             >,Item,DCS-7500R2-36CQ-LC
42,SEND,BLANK,1
43,Serial #         :,SN,JPE19050085
44,Number of Labels :,QTY,1
45,<Done>,BLANK,
46,Item             >,Item,DCS-7500R2-36CQ-LC
47,SEND,BLANK,1
48,Serial #         :,SN,SGD22140331
49,Number of Labels :,QTY,1
50,<Done>,BLANK,
51,Item             >,Item,DCS-7500R2-36CQ-LC
52,SEND,BLANK,1
53,Serial #         :,SN,JPE20042179
54,Number of Labels :,QTY,1
55,<Done>,BLANK,
56,Item             >,Item,DCS-7500R2-36CQ-LC
57,SEND,BLANK,1
58,Serial #         :,SN,SGD22140351
59,Number of Labels :,QTY,1
60,<Done>,BLANK,
61,Item             >,Item,DCS-7500R2-36CQ-LC
62,SEND,BLANK,1
63,Serial #         :,SN,JPA2304P0H6
64,Number of Labels :,QTY,1
65,<Done>,BLANK,
66,Item             >,Item,DCS-7500R2-36CQ-LC
67,SEND,BLANK,1
68,Serial #         :,SN,SGD22140328
69,Number of Labels :,QTY,1
70,<Done>,BLANK,
71,Item             >,Item,DCS-7500R2-36CQ-LC
72,SEND,BLANK,1
73,Serial #         :,SN,SGD22140207
74,Number of Labels :,QTY,1
75,<Done>,BLANK,
76,Item             >,Item,DCS-7500R2-36CQ-LC
77,SEND,BLANK,1
78,Serial #         :,SN,JPE20383565
79,Number of Labels :,QTY,1
80,<Done>,BLANK,
81,Item             >,Item,DCS-7500R2-36CQ-LC
82,SEND,BLANK,1
83,Serial #         :,SN,SGD22140308
84,Number of Labels :,QTY,1
85,<Done>,BLANK,
86,Item             >,Item,DCS-7500R2-36CQ-LC
87,SEND,BLANK,1
88,Serial #         :,SN,SGD22140302
89,Number of Labels :,QTY,1
90,<Done>,BLANK,
91,Item             >,Item,DCS-7500R2-36CQ-LC
92,SEND,BLANK,1
93,Serial #         :,SN,SGD21341449
94,Number of Labels :,QTY,1
95,<Done>,BLANK,
96,Item             >,Item,DCS-7500R2-36CQ-LC
97,SEND,BLANK,1
98,Serial #         :,SN,JPE20042987
99,Number of Labels :,QTY,1
100,<Done>,BLANK,
101,Item             >,Item,DCS-7500R2-36CQ-LC
102,SEND,BLANK,1
103,Serial #         :,SN,JPA2304P0JQ
104,Number of Labels :,QTY,1
105,<Done>,BLANK,
106,Item             >,Item,DCS-7500R2-36CQ-LC
107,SEND,BLANK,1
108,Serial #         :,SN,SGD22140340
109,Number of Labels :,QTY,1
110,<Done>,BLANK,
111,Item             >,Item,DCS-7500R2-36CQ-LC
112,SEND,BLANK,1
113,Serial #         :,SN,JPA2304P1XC
114,Number of Labels :,QTY,1
115,<Done>,BLANK,
116,FINISHED,,
