{
  "name": "MSIT/REUSE",
  "columns": [
    {
      "header": "WO#",
      "source": "documentNumber",
      "transform": "raw",
      "link_type": "mes",
      "hyperlink": {
        "id_source": "jobHeaderId",
        "url_template": "https://mes.apps.wwt.com/orders/{value}"
      }
    },
    {
      "header": "SO#",
      "source": "soNumber",
      "transform": "raw",
      "link_type": "configit"
    },
    {
      "header": "Program(SS)",
      "source": "serviceTemplateDesc",
      "transform": "clean_program",
      "link_type": "ss"
    },
    {
      "header": "LED",
      "source": "scheduledComplDate",
      "transform": "date"
    },
    {
      "header": "Lab Loc",
      "source": "location",
      "transform": "clean_location"
    },
    {
      "header": "OM",
      "source": "orderManager",
      "transform": "raw"
    },
    {
      "header": "Expedite",
      "source": "expediteFlag",
      "transform": "raw"
    },
    {
      "header": "Devices",
      "source": "assemblyQty",
      "transform": "raw"
    },
    {
      "header": "Tech",
      "default": "",
      "transform": "blank"
    },
    {
      "header": "GIC#",
      "source": "gicTicket",
      "transform": "raw"
    },
    {
      "header": "Status",
      "source": "currentService",
      "transform": "raw"
    },
    {
      "header": "Notes/Handoff",
      "default": "",
      "transform": "blank"
    }
  ],
  "rules": []
}