NUMBER,PROMPT,KEY,DATA
1,Item             >,Item,3HE18432AA
2,SEND,BLANK,2
3,Serial #         :,SN,NK221912124
4,Number of Labels :,QTY,1
5,<Done>,BLANK,
6,Item             >,Item,3HE18432AA
7,SEND,BLANK,2
8,Serial #         :,SN,NK224810731
9,Number of Labels :,QTY,1
10,<Done>,BLANK,
11,Item             >,Item,3HE18432AA
12,SEND,BLANK,2
13,Serial #         :,SN,NK224811501
14,Number of Labels :,QTY,1
15,<Done>,BLANK,
16,Item             >,Item,3HE18432AA
17,SEND,BLANK,2
18,Serial #         :,SN,NK225210306
19,Number of Labels :,QTY,1
20,<Done>,BLANK,
21,Item             >,Item,3HE18432AA
22,SEND,BLANK,2
23,Serial #         :,SN,NK230310415
24,Number of Labels :,QTY,1
25,<Done>,BLANK,
26,Item             >,Item,3HE18432AA
27,SEND,BLANK,2
28,Serial #         :,SN,NK232810927
29,Number of Labels :,QTY,1
30,<Done>,BLANK,
31,Item             >,Item,3HE18432AA
32,SEND,BLANK,2
33,Serial #         :,SN,NK232910331
34,Number of Labels :,QTY,1
35,<Done>,BLANK,
36,Item             >,Item,3HE18432AA
37,SEND,BLANK,2
38,Serial #         :,SN,NK242412299
39,Number of Labels :,QTY,1
40,<Done>,BLANK,
41,Item             >,Item,3HE18432AA
42,SEND,BLANK,2
43,Serial #         :,SN,NK242913317
44,Number of Labels :,QTY,1
45,<Done>,BLANK,
46,Item             >,Item,3HE18432AA
47,SEND,BLANK,2
48,Serial #         :,SN,NK242913488
49,Number of Labels :,QTY,1
50,<Done>,BLANK,
51,Item             >,Item,3HE18432AA
52,SEND,BLANK,2
53,Serial #         :,SN,NK243110519
54,Number of Labels :,QTY,1
55,<Done>,BLANK,
56,Item             >,Item,3HE18432AA
57,SEND,BLANK,2
58,Serial #         :,SN,NK243110693
59,Number of Labels :,QTY,1
60,<Done>,BLANK,
61,FINISHED,,
62,ASSETLABELS,,
