NUMBER,PROMPT,KEY,DATA
4,<Components> ,BLANK,
8,<Next Component>,BLANK,
10,<Next Assm>,BLANK,
12,<Components> ,BLANK,
16,<Next Component>,BLANK,
18,<Next Assm>,BLANK,
20,<Components> ,BLANK,
24,<Next Component>,BLANK,
26,<Next Assm>,BLANK,
28,<Components> ,BLANK,
32,<Next Component>,BLANK,
34,<Next Assm>,BLANK,
36,<Components> ,BLANK,
40,<Next Component>,BLANK,
42,<Next Assm>,BLANK,
44,<Components> ,BLANK,
48,<Next Component>,BLANK,
50,<Next Assm>,BLANK,
52,<Components> ,BLANK,
56,<Next Component>,BLANK,
58,<Next Assm>,BLANK,
60,<Components> ,BLANK,
64,<Next Component>,BLANK,
1,LPN      >,BLANK-L40,
9,SN       >,FMSN,"SSJ18380219, SSJ18380480, SSJ18380220, SSJ18380534, SSJ18380558, SSJ18380157"
17,SN       >,FMSN,"JPE18524427, JPE18524342, JPE19010785, JPE18524565, JPE18522940, JPE19010822"
25,SN       >,FMSN,"SGD20257120, JPE20110368, JPE20110436, JPE20110267, JPE20110395, JPE20110349"
33,SN       >,FMSN,"SGD19470838, SGD19470791, SGD19471019, SGD19470857, SGD19470900, SGD19491712"
41,SN       >,FMSN,"SGD20010768, SGD20010528, SGD20010349, SGD20010474, SGD20010825, SGD20010639"
49,SN       >,FMSN,"JPE19527229, JPE19527279, JPE19527301, JPE19520565, JPE19527293, JPE19515271"
57,SN       >,FMSN,"JPE19515193, JPE19520560, JPE19523684, JPE19522000, JPE19522032, JPE19523675"
65,SN       >,FMSN,"JPE19520427, JPE19527207, JPE19527191, JPE19527200, JPE19527228, JPE19527235"
2,Job      >,JOB,3926256
3,SN       >,MasterSN,HSA18330050
7,SN       >,MasterSN,HSA18330050
11,SN       >,MasterSN,HSH18525018
15,SN       >,MasterSN,HSH18525018
19,SN       >,MasterSN,TMO20055966
23,SN       >,MasterSN,TMO20055966
27,SN       >,MasterSN,TMO19474602
31,SN       >,MasterSN,TMO19474602
35,SN       >,MasterSN,TMO19484886
39,SN       >,MasterSN,TMO19484886
43,SN       >,MasterSN,TMO20065990
47,SN       >,MasterSN,TMO20065990
51,SN       >,MasterSN,TMO20065972
55,SN       >,MasterSN,TMO20065972
59,SN       >,MasterSN,TMO20065986
63,SN       >,MasterSN,TMO20065986
5,SN       >,SupSN,SSJ16401660
13,SN       >,SupSN,JPE18451126
21,SN       >,SupSN,JPE20170643
29,SN       >,SupSN,JPE19462451
37,SN       >,SupSN,JPE19462511
45,SN       >,SupSN,JPE20170597
53,SN       >,SupSN,JPE20100303
61,SN       >,SupSN,JPE20170700
6,<Next Component>,,
14,<Next Component>,,
22,<Next Component>,,
30,<Next Component>,,
38,<Next Component>,,
46,<Next Component>,,
54,<Next Component>,,
62,<Next Component>,,
66,FINISHED,,
67,WIP,,
