NUMBER,PROMPT,KEY,DATA
1,LPN      >,BLANK,
2,Job      >,Job,3926251
3,SN       >,SN1,FLM27060C92
4,<Components>,BLANK,
5,SN       >,SN2,FLM27060C92
6,<Next Assm>,BLANK,
7,SN       >,SN1,FLM26480DB4
8,<Components>,BLANK,
9,SN       >,SN2,FLM26480DB4
10,<Next Assm>,BLANK,
11,SN       >,SN1,FLM283509U3
12,<Components>,BLANK,
13,SN       >,SN2,FLM283509U3
14,<Next Assm>,BLANK,
15,SN       >,SN1,FLM26480D2Z
16,<Components>,BLANK,
17,SN       >,SN2,FLM26480D2Z
18,<Next Assm>,BLANK,
19,SN       >,SN1,FLM26400CYE
20,<Components>,BLANK,
21,SN       >,SN2,FLM26400CYE
22,<Next Assm>,BLANK,
23,SN       >,SN1,FLM264907LD
24,<Components>,BLANK,
25,SN       >,SN2,FLM264907LD
26,<Next Assm>,BLANK,
27,SN       >,SN1,FLM26510D8Y
28,<Components>,BLANK,
29,SN       >,SN2,FLM26510D8Y
30,<Next Assm>,BLANK,
31,SN       >,SN1,FLM270707VL
32,<Components>,BLANK,
33,SN       >,SN2,FLM270707VL
34,<Next Assm>,BLANK,
35,SN       >,SN1,FLM264903W0
36,<Components>,BLANK,
37,SN       >,SN2,FLM264903W0
38,<Next Assm>,BLANK,
39,SN       >,SN1,FLM28430KDS
40,<Components>,BLANK,
41,SN       >,SN2,FLM28430KDS
42,<Next Assm>,BLANK,
43,SN       >,SN1,FLM270405EH
44,<Components>,BLANK,
45,SN       >,SN2,FLM270405EH
46,<Next Assm>,BLANK,
47,SN       >,SN1,FLM275001ZY
48,<Components>,BLANK,
49,SN       >,SN2,FLM275001ZY
50,<Next Assm>,BLANK,
51,SN       >,SN1,FLM272905EV
52,<Components>,BLANK,
53,SN       >,SN2,FLM272905EV
54,<Next Assm>,BLANK,
55,SN       >,SN1,FLM284706QH
56,<Components>,BLANK,
57,SN       >,SN2,FLM284706QH
58,<Next Assm>,BLANK,
59,SN       >,SN1,FLM275006MG
60,<Components>,BLANK,
61,SN       >,SN2,FLM275006MG
62,<Next Assm>,BLANK,
63,SN       >,SN1,FLM275006HV
64,<Components>,BLANK,
65,SN       >,SN2,FLM275006HV
66,<Next Assm>,BLANK,
67,SN       >,SN1,FLM27290BLA
68,<Components>,BLANK,
69,SN       >,SN2,FLM27290BLA
70,<Next Assm>,BLANK,
71,SN       >,SN1,FLM284404G4
72,<Components>,BLANK,
73,SN       >,SN2,FLM284404G4
74,<Next Assm>,BLANK,
75,SN       >,SN1,FLM28460BNA
76,<Components>,BLANK,
77,SN       >,SN2,FLM28460BNA
78,<Next Assm>,BLANK,
79,SN       >,SN1,FLM2836068E
80,<Components>,BLANK,
81,SN       >,SN2,FLM2836068E
82,<Next Assm>,BLANK,
83,SN       >,SN1,FLM28430320
84,<Components>,BLANK,
85,SN       >,SN2,FLM28430320
86,<Next Assm>,BLANK,
87,SN       >,SN1,FLM28430H48
88,<Components>,BLANK,
89,SN       >,SN2,FLM28430H48
90,<Next Assm>,BLANK,
91,SN       >,SN1,FLM28460H70
92,<Components>,BLANK,
93,SN       >,SN2,FLM28460H70
94,<Next Assm>,BLANK,
95,SN       >,SN1,FLM28470CK6
96,<Components>,BLANK,
97,SN       >,SN2,FLM28470CK6
98,<Next Assm>,BLANK,
99,SN       >,SN1,FLM283708EG
100,<Components>,BLANK,
101,SN       >,SN2,FLM283708EG
102,<Next Assm>,BLANK,
103,SN       >,SN1,FLM272705JH
104,<Components>,BLANK,
105,SN       >,SN2,FLM272705JH
106,<Next Assm>,BLANK,
107,SN       >,SN1,FLM270408ZR
108,<Components>,BLANK,
109,SN       >,SN2,FLM270408ZR
110,<Next Assm>,BLANK,
111,SN       >,SN1,FLM27290B4B
112,<Components>,BLANK,
113,SN       >,SN2,FLM27290B4B
114,<Next Assm>,BLANK,
115,SN       >,SN1,FLM284804CM
116,<Components>,BLANK,
117,SN       >,SN2,FLM284804CM
118,<Next Assm>,BLANK,
119,SN       >,SN1,FLM284807BD
120,<Components>,BLANK,
121,SN       >,SN2,FLM284807BD
122,<Next Assm>,BLANK,
123,SN       >,SN1,FLM2728097P
124,<Components>,BLANK,
125,SN       >,SN2,FLM2728097P
126,<Next Assm>,BLANK,
127,SN       >,SN1,FLM2729040W
128,<Components>,BLANK,
129,SN       >,SN2,FLM2729040W
130,<Next Assm>,BLANK,
131,SN       >,SN1,FLM272807ZQ
132,<Components>,BLANK,
133,SN       >,SN2,FLM272807ZQ
134,<Next Assm>,BLANK,
135,SN       >,SN1,FLM28460AGB
136,<Components>,BLANK,
137,SN       >,SN2,FLM28460AGB
138,FINISHED,,
139,WIP,,
