NUMBER,PROMPT,KEY,DATA
1,Item             >,Item,DCS-7508R-BND
2,SEND,BLANK,6
3,Serial #         :,SN,TMO20126730
4,Number of Labels :,QTY,1
5,<Done>,BLANK,
6,Item             >,Item,DCS-7508R-BND
7,SEND,BLANK,6
8,Serial #         :,SN,TMO19474732
9,Number of Labels :,QTY,1
10,<Done>,BLANK,
11,Item             >,Item,DCS-7508R-BND
12,SEND,BLANK,6
13,Serial #         :,SN,TMO19474618
14,Number of Labels :,QTY,1
15,<Done>,BLANK,
16,Item             >,Item,DCS-7508R-BND
17,SEND,BLANK,6
18,Serial #         :,SN,TMO19464416
19,Number of Labels :,QTY,1
20,<Done>,BLANK,
21,Item             >,Item,DCS-7508R-BND
22,SEND,BLANK,6
23,Serial #         :,SN,TMO19484890
24,Number of Labels :,QTY,1
25,<Done>,BLANK,
26,Item             >,Item,DCS-7508R-BND
27,SEND,BLANK,6
28,Serial #         :,SN,TMO20015508
29,Number of Labels :,QTY,1
30,<Done>,BLANK,
31,Item             >,Item,DCS-7508R-BND
32,SEND,BLANK,6
33,Serial #         :,SN,TMO19474792
34,Number of Labels :,QTY,1
35,<Done>,BLANK,
36,Item             >,Item,DCS-7508R-BND
37,SEND,BLANK,6
38,Serial #         :,SN,TMO20055896
39,Number of Labels :,QTY,1
40,<Done>,BLANK,
41,FINISHED,,
42,ASSETLABELS,,
