NUMBER,PROMPT,KEY,DATA
1,From LPN   :,FromLPN,L40-SO-12216356-001-8754
2,To LPN     :,C40,C40-8482416
3,Item       >,ChildPart1:,ASR-9902-4P-KIT-L=.ACTUAL.324.MSN/MSIT
4,Qty        :,QuantityP1:,1
5,<Save/Next>,BLANK,
6,Item       >,ChildPart2:,SFP-10G-LR=.ACTUAL.324.MSN/MSIT
7,Qty        :,QuantityP2:,15
8,<Save/Next>,BLANK,
9,Item       >,ChildPart3:,ASR-9902-2P-KIT=.ACTUAL.324.MSN/MSIT
10,Qty        :,QuantityP3:,1
11,<Save/Next>,BLANK,
12,UPARROW,UPARROW,
13,To LPN     :,C40,C40-8482420
14,Item       >,ChildPart1:,ASR-9902-4P-KIT-L=.ACTUAL.324.MSN/MSIT
15,Qty        :,QuantityP1:,1
16,<Save/Next>,BLANK,
17,Item       >,ChildPart2:,SFP-10G-LR=.ACTUAL.324.MSN/MSIT
18,Qty        :,QuantityP2:,15
19,<Save/Next>,BLANK,
20,Item       >,ChildPart3:,ASR-9902-2P-KIT=.ACTUAL.324.MSN/MSIT
21,Qty        :,QuantityP3:,1
22,<Save/Next>,BLANK,
23,UPARROW2,UPARROW2,
24,From LPN   :,FromLPN,L40-SO-12176479-001-8754
25,To LPN     :,C40,C40-8344533
26,Item       >,ChildPart1:,ASR-9902-4P-KIT-L=.ACTUAL.324.MSN/MSIT
27,Qty        :,QuantityP1:,1
28,<Save/Next>,BLANK,
29,Item       >,ChildPart2:,SFP-10G-LR=.ACTUAL.324.MSN/MSIT
30,Qty        :,QuantityP2:,10
31,<Save/Next>,BLANK,
32,Item       >,ChildPart3:,ASR-9902-2P-KIT=.ACTUAL.324.MSN/MSIT
33,Qty        :,QuantityP3:,1
34,<Save/Next>,BLANK,
35,UPARROW,UPARROW,
36,To LPN     :,C40,C40-8344552
37,Item       >,ChildPart1:,ASR-9902-4P-KIT-L=.ACTUAL.324.MSN/MSIT
38,Qty        :,QuantityP1:,1
39,<Save/Next>,BLANK,
40,Item       >,ChildPart2:,SFP-10G-LR=.ACTUAL.324.MSN/MSIT
41,Qty        :,QuantityP2:,10
42,<Save/Next>,BLANK,
43,Item       >,ChildPart3:,ASR-9902-2P-KIT=.ACTUAL.324.MSN/MSIT
44,Qty        :,QuantityP3:,1
45,<Save/Next>,BLANK,
46,UPARROW2,UPARROW2,
47,From LPN   :,FromLPN,L40-SO-12193142-001-4098
48,To LPN     :,C40,C40-8482345
49,Item       >,ChildPart1:,ASR-9902-4P-KIT-L=.ACTUAL.324.MSN/MSIT
50,Qty        :,QuantityP1:,1
51,<Save/Next>,BLANK,
52,Item       >,ChildPart2:,SFP-10G-LR=.ACTUAL.324.MSN/MSIT
53,Qty        :,QuantityP2:,5
54,<Save/Next>,BLANK,
55,Item       >,ChildPart3:,ASR-9902-2P-KIT=.ACTUAL.324.MSN/MSIT
56,Qty        :,QuantityP3:,1
57,<Save/Next>,BLANK,
58,Item       >,ChildPart4:,SFP-1G-LH=.ACTUAL.324.MSN/MSIT
59,Qty        :,QuantityP4:,2
60,<Save/Next>,BLANK,
61,UPARROW,UPARROW,
62,To LPN     :,C40,C40-8482347
63,Item       >,ChildPart1:,ASR-9902-4P-KIT-L=.ACTUAL.324.MSN/MSIT
64,Qty        :,QuantityP1:,1
65,<Save/Next>,BLANK,
66,Item       >,ChildPart2:,SFP-10G-LR=.ACTUAL.324.MSN/MSIT
67,Qty        :,QuantityP2:,5
68,<Save/Next>,BLANK,
69,Item       >,ChildPart3:,ASR-9902-2P-KIT=.ACTUAL.324.MSN/MSIT
70,Qty        :,QuantityP3:,1
71,<Save/Next>,BLANK,
72,Item       >,ChildPart4:,SFP-1G-LH=.ACTUAL.324.MSN/MSIT
73,Qty        :,QuantityP4:,2
74,<Save/Next>,BLANK,
75,UPARROW2,UPARROW2,
76,From LPN   :,FromLPN,L40-SO-12164672-001-7291
77,To LPN     :,C40,C40-8414038
78,Item       >,ChildPart1:,ASR-9902-4P-KIT-L=.ACTUAL.324.MSN/MSIT
79,Qty        :,QuantityP1:,1
80,<Save/Next>,BLANK,
81,Item       >,ChildPart2:,SFP-10G-LR=.ACTUAL.324.MSN/MSIT
82,Qty        :,QuantityP2:,5
83,<Save/Next>,BLANK,
84,Item       >,ChildPart3:,ASR-9902-2P-KIT=.ACTUAL.324.MSN/MSIT
85,Qty        :,QuantityP3:,1
86,<Save/Next>,BLANK,
87,Item       >,ChildPart4:,SFP-1G-LH=.ACTUAL.324.MSN/MSIT
88,Qty        :,QuantityP4:,2
89,<Save/Next>,BLANK,
90,UPARROW,UPARROW,
91,To LPN     :,C40,C40-8414040
92,Item       >,ChildPart1:,ASR-9902-4P-KIT-L=.ACTUAL.324.MSN/MSIT
93,Qty        :,QuantityP1:,1
94,<Save/Next>,BLANK,
95,Item       >,ChildPart2:,SFP-10G-LR=.ACTUAL.324.MSN/MSIT
96,Qty        :,QuantityP2:,5
97,<Save/Next>,BLANK,
98,Item       >,ChildPart3:,ASR-9902-2P-KIT=.ACTUAL.324.MSN/MSIT
99,Qty        :,QuantityP3:,1
100,<Save/Next>,BLANK,
101,Item       >,ChildPart4:,SFP-1G-LH=.ACTUAL.324.MSN/MSIT
102,Qty        :,QuantityP4:,2
103,<Save/Next>,BLANK,
104,UPARROW2,UPARROW2,
105,From LPN   :,FromLPN,L40-SO-12175640-001-7286
106,To LPN     :,C40,C40-8413594
107,Item       >,ChildPart1:,ASR-9902-4P-KIT-L=.ACTUAL.324.MSN/MSIT
108,Qty        :,QuantityP1:,1
109,<Save/Next>,BLANK,
110,Item       >,ChildPart2:,SFP-10G-LR=.ACTUAL.324.MSN/MSIT
111,Qty        :,QuantityP2:,5
112,<Save/Next>,BLANK,
113,Item       >,ChildPart3:,ASR-9902-2P-KIT=.ACTUAL.324.MSN/MSIT
114,Qty        :,QuantityP3:,1
115,<Save/Next>,BLANK,
116,Item       >,ChildPart4:,SFP-1G-LH=.ACTUAL.324.MSN/MSIT
117,Qty        :,QuantityP4:,2
118,<Save/Next>,BLANK,
119,UPARROW,UPARROW,
120,To LPN     :,C40,C40-8413595
121,Item       >,ChildPart1:,ASR-9902-4P-KIT-L=.ACTUAL.324.MSN/MSIT
122,Qty        :,QuantityP1:,1
123,<Save/Next>,BLANK,
124,Item       >,ChildPart2:,SFP-10G-LR=.ACTUAL.324.MSN/MSIT
125,Qty        :,QuantityP2:,5
126,<Save/Next>,BLANK,
127,Item       >,ChildPart3:,ASR-9902-2P-KIT=.ACTUAL.324.MSN/MSIT
128,Qty        :,QuantityP3:,1
129,<Save/Next>,BLANK,
130,Item       >,ChildPart4:,SFP-1G-LH=.ACTUAL.324.MSN/MSIT
131,Qty        :,QuantityP4:,2
132,<Save/Next>,BLANK,
133,FINISHED,,
134,SPLIT,,
