NUMBER,PROMPT,KEY,DATA
1,LPN      >,BLANK,
2,Job      >,Job,3915875
3,SN       >,SN1,JPE20452529
4,<Components>,BLANK,
5,SN       >,SN2,JPE20452529
6,<Next Assm>,BLANK,
7,SN       >,SN1,JPE20430467
8,<Components>,BLANK,
9,SN       >,SN2,JPE20430467
10,<Next Assm>,BLANK,
11,SN       >,SN1,JPE20443013
12,<Components>,BLANK,
13,SN       >,SN2,JPE20443013
14,<Next Assm>,BLANK,
15,SN       >,SN1,JPE20250511
16,<Components>,BLANK,
17,SN       >,SN2,JPE20250511
18,<Next Assm>,BLANK,
19,SN       >,SN1,JPE20400054
20,<Components>,BLANK,
21,SN       >,SN2,JPE20400054
22,<Next Assm>,BLANK,
23,SN       >,SN1,JPE20394340
24,<Components>,BLANK,
25,SN       >,SN2,JPE20394340
26,<Next Assm>,BLANK,
27,SN       >,SN1,SGD19503241
28,<Components>,BLANK,
29,SN       >,SN2,SGD19503241
30,<Next Assm>,BLANK,
31,SN       >,SN1,JPE20404228
32,<Components>,BLANK,
33,SN       >,SN2,JPE20404228
34,<Next Assm>,BLANK,
35,SN       >,SN1,JPE20394405
36,<Components>,BLANK,
37,SN       >,SN2,JPE20394405
38,<Next Assm>,BLANK,
39,SN       >,SN1,JPE19483574
40,<Components>,BLANK,
41,SN       >,SN2,JPE19483574
42,<Next Assm>,BLANK,
43,SN       >,SN1,SGD19351059
44,<Components>,BLANK,
45,SN       >,SN2,SGD19351059
46,<Next Assm>,BLANK,
47,SN       >,SN1,JPE20190343
48,<Components>,BLANK,
49,SN       >,SN2,JPE20190343
50,<Next Assm>,BLANK,
51,SN       >,SN1,SGD20192265
52,<Components>,BLANK,
53,SN       >,SN2,SGD20192265
54,<Next Assm>,BLANK,
55,SN       >,SN1,JPE20194012
56,<Components>,BLANK,
57,SN       >,SN2,JPE20194012
58,<Next Assm>,BLANK,
59,SN       >,SN1,JPE20180535
60,<Components>,BLANK,
61,SN       >,SN2,JPE20180535
62,<Next Assm>,BLANK,
63,SN       >,SN1,JPE20200480
64,<Components>,BLANK,
65,SN       >,SN2,JPE20200480
66,<Next Assm>,BLANK,
67,SN       >,SN1,SGD20192276
68,<Components>,BLANK,
69,SN       >,SN2,SGD20192276
70,<Next Assm>,BLANK,
71,SN       >,SN1,JPE20170811
72,<Components>,BLANK,
73,SN       >,SN2,JPE20170811
74,<Next Assm>,BLANK,
75,SN       >,SN1,JPE20212495
76,<Components>,BLANK,
77,SN       >,SN2,JPE20212495
78,<Next Assm>,BLANK,
79,SN       >,SN1,JPE20443062
80,<Components>,BLANK,
81,SN       >,SN2,JPE20443062
82,<Next Assm>,BLANK,
83,SN       >,SN1,JPE20393124
84,<Components>,BLANK,
85,SN       >,SN2,JPE20393124
86,<Next Assm>,BLANK,
87,SN       >,SN1,JPE19502703
88,<Components>,BLANK,
89,SN       >,SN2,JPE19502703
90,<Next Assm>,BLANK,
91,SN       >,SN1,JPE19480613
92,<Components>,BLANK,
93,SN       >,SN2,JPE19480613
94,<Next Assm>,BLANK,
95,SN       >,SN1,JPE19503544
96,<Components>,BLANK,
97,SN       >,SN2,JPE19503544
98,<Next Assm>,BLANK,
99,SN       >,SN1,SGD19503306
100,<Components>,BLANK,
101,SN       >,SN2,SGD19503306
102,<Next Assm>,BLANK,
103,SN       >,SN1,JPE19503578
104,<Components>,BLANK,
105,SN       >,SN2,JPE19503578
106,<Next Assm>,BLANK,
107,SN       >,SN1,SGD20192249
108,<Components>,BLANK,
109,SN       >,SN2,SGD20192249
110,<Next Assm>,BLANK,
111,SN       >,SN1,JPE20190283
112,<Components>,BLANK,
113,SN       >,SN2,JPE20190283
114,<Next Assm>,BLANK,
115,SN       >,SN1,JPE20161640
116,<Components>,BLANK,
117,SN       >,SN2,JPE20161640
118,<Next Assm>,BLANK,
119,SN       >,SN1,JPE20203422
120,<Components>,BLANK,
121,SN       >,SN2,JPE20203422
122,<Next Assm>,BLANK,
123,SN       >,SN1,JPE20190397
124,<Components>,BLANK,
125,SN       >,SN2,JPE20190397
126,<Next Assm>,BLANK,
127,SN       >,SN1,JPE20190308
128,<Components>,BLANK,
129,SN       >,SN2,JPE20190308
130,FINISHED,,
