NUMBER,PROMPT,KEY,DATA
1,LPN          >,BLANK,
2,From Loc     >,From Loc:,ZL4PCSTCK01
3,Item         >,Item:,1415-A-048-RED.ACTUAL.2380032.MSN/CSCO
4,To Mtrl Desgn>,BLANK,
5,Qty          :,QTY:,5
6,To Loc       >,To Loc:,ZL4ASSET01
7,<Done>,BLANK,
8,LPN          >,BLANK,
9,From Loc     >,From Loc:,ZL4PCSTCK02
10,Item         >,Item:,1415-A-048-BLU.ACTUAL.2380032.MSN/CSCO
11,To Mtrl Desgn>,BLANK,
12,Qty          :,QTY:,5
13,To Loc       >,To Loc:,ZL4ASSET01
14,<Done>,BLANK,
15,LPN          >,BLANK,
16,From Loc     >,From Loc:,ZL4PCSTCK03
17,Item         >,Item:,1415-A-060-RED.ACTUAL.2380032.MSN/CSCO
18,To Mtrl Desgn>,BLANK,
19,Qty          :,QTY:,2
20,To Loc       >,To Loc:,ZL4ASSET01
21,<Done>,BLANK,
22,LPN          >,BLANK,
23,From Loc     >,From Loc:,ZL4PCSTCK04
24,Item         >,Item:,1415-A-060-BLU.ACTUAL.2380032.MSN/CSCO
25,To Mtrl Desgn>,BLANK,
26,Qty          :,QTY:,2
27,To Loc       >,To Loc:,ZL4ASSET01
28,<Done>,BLANK,
29,LPN          >,BLANK,
30,From Loc     >,From Loc:,ZL4PCSTCK05
31,Item         >,Item:,2015-WC-048-RED.ACTUAL.2380032.MSN/CSCO
32,To Mtrl Desgn>,BLANK,
33,Qty          :,QTY:,2
34,To Loc       >,To Loc:,ZL4ASSET01
35,<Done>,BLANK,
36,LPN          >,BLANK,
37,From Loc     >,From Loc:,ZL4PCSTCK06
38,Item         >,Item:,2015-WC-048-BLU.ACTUAL.2380032.MSN/CSCO
39,To Mtrl Desgn>,BLANK,
40,Qty          :,QTY:,2
41,To Loc       >,To Loc:,ZL4ASSET01
42,<Done>,BLANK,
43,LPN          >,BLANK,
44,From Loc     >,From Loc:,ZL4PCSTCK07
45,Item         >,Item:,2015-WC-060-RED.ACTUAL.2380032.MSN/CSCO
46,To Mtrl Desgn>,BLANK,
47,Qty          :,QTY:,7
48,To Loc       >,To Loc:,ZL4ASSET01
49,<Done>,BLANK,
50,LPN          >,BLANK,
51,From Loc     >,From Loc:,ZL4PCSTCK08
52,Item         >,Item:,2015-WC-060-BLU.ACTUAL.2380032.MSN/CSCO
53,To Mtrl Desgn>,BLANK,
54,Qty          :,QTY:,7
55,To Loc       >,To Loc:,ZL4ASSET01
56,<Done>,BLANK,
57,LPN          >,BLANK,
58,From Loc     >,From Loc:,ZL4PCSTCK01
59,Item         >,Item:,1415-A-048-RED.ACTUAL.2380032.MSN/CSCO
60,To Mtrl Desgn>,BLANK,
61,Qty          :,QTY:,5
62,To Loc       >,To Loc:,ZL4ASSET02
63,<Done>,BLANK,
64,LPN          >,BLANK,
65,From Loc     >,From Loc:,ZL4PCSTCK02
66,Item         >,Item:,1415-A-048-BLU.ACTUAL.2380032.MSN/CSCO
67,To Mtrl Desgn>,BLANK,
68,Qty          :,QTY:,5
69,To Loc       >,To Loc:,ZL4ASSET02
70,<Done>,BLANK,
71,LPN          >,BLANK,
72,From Loc     >,From Loc:,ZL4PCSTCK03
73,Item         >,Item:,1415-A-060-RED.ACTUAL.2380032.MSN/CSCO
74,To Mtrl Desgn>,BLANK,
75,Qty          :,QTY:,2
76,To Loc       >,To Loc:,ZL4ASSET02
77,<Done>,BLANK,
78,LPN          >,BLANK,
79,From Loc     >,From Loc:,ZL4PCSTCK04
80,Item         >,Item:,1415-A-060-BLU.ACTUAL.2380032.MSN/CSCO
81,To Mtrl Desgn>,BLANK,
82,Qty          :,QTY:,2
83,To Loc       >,To Loc:,ZL4ASSET02
84,<Done>,BLANK,
85,LPN          >,BLANK,
86,From Loc     >,From Loc:,ZL4PCSTCK05
87,Item         >,Item:,2015-WC-048-RED.ACTUAL.2380032.MSN/CSCO
88,To Mtrl Desgn>,BLANK,
89,Qty          :,QTY:,2
90,To Loc       >,To Loc:,ZL4ASSET02
91,<Done>,BLANK,
92,LPN          >,BLANK,
93,From Loc     >,From Loc:,ZL4PCSTCK06
94,Item         >,Item:,2015-WC-048-BLU.ACTUAL.2380032.MSN/CSCO
95,To Mtrl Desgn>,BLANK,
96,Qty          :,QTY:,2
97,To Loc       >,To Loc:,ZL4ASSET02
98,<Done>,BLANK,
99,LPN          >,BLANK,
100,From Loc     >,From Loc:,ZL4PCSTCK07
101,Item         >,Item:,2015-WC-060-RED.ACTUAL.2380032.MSN/CSCO
102,To Mtrl Desgn>,BLANK,
103,Qty          :,QTY:,7
104,To Loc       >,To Loc:,ZL4ASSET02
105,<Done>,BLANK,
106,LPN          >,BLANK,
107,From Loc     >,From Loc:,ZL4PCSTCK08
108,Item         >,Item:,2015-WC-060-BLU.ACTUAL.2380032.MSN/CSCO
109,To Mtrl Desgn>,BLANK,
110,Qty          :,QTY:,7
111,To Loc       >,To Loc:,ZL4ASSET02
112,<Done>,BLANK,
113,LPN          >,BLANK,
114,From Loc     >,From Loc:,ZL4PCSTCK01
115,Item         >,Item:,1415-A-048-RED.ACTUAL.2380032.MSN/CSCO
116,To Mtrl Desgn>,BLANK,
117,Qty          :,QTY:,5
118,To Loc       >,To Loc:,ZL4ASSET03
119,<Done>,BLANK,
120,LPN          >,BLANK,
121,From Loc     >,From Loc:,ZL4PCSTCK02
122,Item         >,Item:,1415-A-048-BLU.ACTUAL.2380032.MSN/CSCO
123,To Mtrl Desgn>,BLANK,
124,Qty          :,QTY:,5
125,To Loc       >,To Loc:,ZL4ASSET03
126,<Done>,BLANK,
127,LPN          >,BLANK,
128,From Loc     >,From Loc:,ZL4PCSTCK03
129,Item         >,Item:,1415-A-060-RED.ACTUAL.2380032.MSN/CSCO
130,To Mtrl Desgn>,BLANK,
131,Qty          :,QTY:,2
132,To Loc       >,To Loc:,ZL4ASSET03
133,<Done>,BLANK,
134,LPN          >,BLANK,
135,From Loc     >,From Loc:,ZL4PCSTCK04
136,Item         >,Item:,1415-A-060-BLU.ACTUAL.2380032.MSN/CSCO
137,To Mtrl Desgn>,BLANK,
138,Qty          :,QTY:,2
139,To Loc       >,To Loc:,ZL4ASSET03
140,<Done>,BLANK,
141,LPN          >,BLANK,
142,From Loc     >,From Loc:,ZL4PCSTCK05
143,Item         >,Item:,2015-WC-048-RED.ACTUAL.2380032.MSN/CSCO
144,To Mtrl Desgn>,BLANK,
145,Qty          :,QTY:,2
146,To Loc       >,To Loc:,ZL4ASSET03
147,<Done>,BLANK,
148,LPN          >,BLANK,
149,From Loc     >,From Loc:,ZL4PCSTCK06
150,Item         >,Item:,2015-WC-048-BLU.ACTUAL.2380032.MSN/CSCO
151,To Mtrl Desgn>,BLANK,
152,Qty          :,QTY:,2
153,To Loc       >,To Loc:,ZL4ASSET03
154,<Done>,BLANK,
155,LPN          >,BLANK,
156,From Loc     >,From Loc:,ZL4PCSTCK07
157,Item         >,Item:,2015-WC-060-RED.ACTUAL.2380032.MSN/CSCO
158,To Mtrl Desgn>,BLANK,
159,Qty          :,QTY:,7
160,To Loc       >,To Loc:,ZL4ASSET03
161,<Done>,BLANK,
162,LPN          >,BLANK,
163,From Loc     >,From Loc:,ZL4PCSTCK08
164,Item         >,Item:,2015-WC-060-BLU.ACTUAL.2380032.MSN/CSCO
165,To Mtrl Desgn>,BLANK,
166,Qty          :,QTY:,7
167,To Loc       >,To Loc:,ZL4ASSET03
168,<Done>,BLANK,
169,FINISHED,,
170,SUBTRANSFER,,
