NUMBER,PROMPT,KEY,DATA
1,Item             >,Item,DCS-7500R2-36CQ-LC
2,SEND,BLANK,1
3,Serial #         :,SN,JPA2302P0X4
4,Number of Labels :,QTY,1
5,<Done>,BLANK,
6,Item             >,Item,DCS-7500R2-36CQ-LC
7,SEND,BLANK,1
8,Serial #         :,SN,SSJ19110825
9,Number of Labels :,QTY,1
10,<Done>,BLANK,
11,Item             >,Item,DCS-7500R2-36CQ-LC
12,SEND,BLANK,1
13,Serial #         :,SN,SGD22140299
14,Number of Labels :,QTY,1
15,<Done>,BLANK,
16,Item             >,Item,DCS-7500R2-36CQ-LC
17,SEND,BLANK,1
18,Serial #         :,SN,SSJ19082132
19,Number of Labels :,QTY,1
20,<Done>,BLANK,
21,Item             >,Item,DCS-7500R2-36CQ-LC
22,SEND,BLANK,1
23,Serial #         :,SN,JPA2304P1WM
24,Number of Labels :,QTY,1
25,<Done>,BLANK,
26,Item             >,Item,DCS-7500R2-36CQ-LC
27,SEND,BLANK,1
28,Serial #         :,SN,SSJ19093403
29,Number of Labels :,QTY,1
30,<Done>,BLANK,
31,Item             >,Item,DCS-7500R2-36CQ-LC
32,SEND,BLANK,1
33,Serial #         :,SN,JPA2304P0G0
34,Number of Labels :,QTY,1
35,<Done>,BLANK,
36,Item             >,Item,DCS-7500R2-36CQ-LC
37,SEND,BLANK,1
38,Serial #         :,SN,SSJ19100600
39,Number of Labels :,QTY,1
40,<Done>,BLANK,
41,Item             >,Item,DCS-7500R2-36CQ-LC
42,SEND,BLANK,1
43,Serial #         :,SN,JPA2304P1YY
44,Number of Labels :,QTY,1
45,<Done>,BLANK,
46,Item             >,Item,DCS-7500R2-36CQ-LC
47,SEND,BLANK,1
48,Serial #         :,SN,JPA2304P1W5
49,Number of Labels :,QTY,1
50,<Done>,BLANK,
51,Item             >,Item,DCS-7500R2-36CQ-LC
52,SEND,BLANK,1
53,Serial #         :,SN,SGD20410324
54,Number of Labels :,QTY,1
55,<Done>,BLANK,
56,FINISHED,,
