NUMBER,PROMPT,KEY,DATA
1,LPN          >,LPN,L40-MO154386964-001-7830
2,To Loc       >,LOC,ZL3RU01
3,To CG        >,CG,MCIO_RUS-C
4,<Done>,BLANK,
5,LPN          >,LPN,L40-MO154386964-003-7830
6,To Loc       >,LOC,ZL3RU01
7,To CG        >,CG,MCIO_RUS-C
8,<Done>,BLANK,
9,LPN          >,LPN,L40-MO154386964-004-7830
10,To Loc       >,LOC,ZL3RU01
11,To CG        >,CG,MCIO_RUS-C
12,<Done>,BLANK,
13,LPN          >,LPN,L40-MO154386964-005-7830
14,To Loc       >,LOC,ZL3RU01
15,To CG        >,CG,MCIO_RUS-C
16,<Done>,BLANK,
17,LPN          >,LPN,L40-MO154386964-001-8528
18,To Loc       >,LOC,ZL3RU01
19,To CG        >,CG,MCIO_RUS-C
20,<Done>,BLANK,
21,LPN          >,LPN,L40-MO155109920-001-5689
22,To Loc       >,LOC,ZL3RU01
23,To CG        >,CG,MCIO_RUS-C
24,<Done>,BLANK,
25,LPN          >,LPN,L40-MO155109920-002-5689
26,To Loc       >,LOC,ZL3RU01
27,To CG        >,CG,MCIO_RUS-C
28,<Done>,BLANK,
29,LPN          >,LPN,L40-MO155109920-003-5689
30,To Loc       >,LOC,ZL3RU01
31,To CG        >,CG,MCIO_RUS-C
32,<Done>,BLANK,
33,F2KEY,BLANK,
34,SEND,Selection,Y
35,SEND,Selection,1
36,LPN          >,LPN,L40-MO154386964-001-7830
37,To Loc       >,LOC,MSFWIP
38,<Done>,BLANK,
39,LPN          >,LPN,L40-MO154386964-003-7830
40,To Loc       >,LOC,MSFWIP
41,<Done>,BLANK,
42,LPN          >,LPN,L40-MO154386964-004-7830
43,To Loc       >,LOC,MSFWIP
44,<Done>,BLANK,
45,LPN          >,LPN,L40-MO154386964-005-7830
46,To Loc       >,LOC,MSFWIP
47,<Done>,BLANK,
48,LPN          >,LPN,L40-MO154386964-001-8528
49,To Loc       >,LOC,MSFWIP
50,<Done>,BLANK,
51,LPN          >,LPN,L40-MO155109920-001-5689
52,To Loc       >,LOC,MSFWIP
53,<Done>,BLANK,
54,LPN          >,LPN,L40-MO155109920-002-5689
55,To Loc       >,LOC,MSFWIP
56,<Done>,BLANK,
57,LPN          >,LPN,L40-MO155109920-003-5689
58,To Loc       >,LOC,MSFWIP
59,<Done>,BLANK,
60,FINISHED,,
61,CGTRANSFER,,
