NUMBER,PROMPT,KEY,DATA
1,LPN          >,BLANK,
2,From Loc     >,From Loc:,ZL4PCSTCK01
3,Item         >,Item:,1415-A-048-RED.ACTUAL.2380032.MSN/CSCO
4,Qty          :,QTY:,5
5,To Loc       >,To Loc:,ZL4ASSET01
6,<Done>,BLANK,
7,LPN          >,BLANK,
8,From Loc     >,From Loc:,ZL4PCSTCK02
9,Item         >,Item:,1415-A-048-BLU.ACTUAL.2380032.MSN/CSCO
10,Qty          :,QTY:,5
11,To Loc       >,To Loc:,ZL4ASSET01
12,<Done>,BLANK,
13,LPN          >,BLANK,
14,From Loc     >,From Loc:,ZL4PCSTCK03
15,Item         >,Item:,1415-A-060-RED.ACTUAL.2380032.MSN/CSCO
16,Qty          :,QTY:,2
17,To Loc       >,To Loc:,ZL4ASSET01
18,<Done>,BLANK,
19,LPN          >,BLANK,
20,From Loc     >,From Loc:,ZL4PCSTCK04
21,Item         >,Item:,1415-A-060-BLU.ACTUAL.2380032.MSN/CSCO
22,Qty          :,QTY:,2
23,To Loc       >,To Loc:,ZL4ASSET01
24,<Done>,BLANK,
25,LPN          >,BLANK,
26,From Loc     >,From Loc:,ZL4PCSTCK05
27,Item         >,Item:,2015-WC-048-RED.ACTUAL.2380032.MSN/CSCO
28,Qty          :,QTY:,2
29,To Loc       >,To Loc:,ZL4ASSET01
30,<Done>,BLANK,
31,LPN          >,BLANK,
32,From Loc     >,From Loc:,ZL4PCSTCK06
33,Item         >,Item:,2015-WC-048-BLU.ACTUAL.2380032.MSN/CSCO
34,Qty          :,QTY:,2
35,To Loc       >,To Loc:,ZL4ASSET01
36,<Done>,BLANK,
37,LPN          >,BLANK,
38,From Loc     >,From Loc:,ZL4PCSTCK07
39,Item         >,Item:,2015-WC-060-RED.ACTUAL.2380032.MSN/CSCO
40,Qty          :,QTY:,7
41,To Loc       >,To Loc:,ZL4ASSET01
42,<Done>,BLANK,
43,LPN          >,BLANK,
44,From Loc     >,From Loc:,ZL4PCSTCK08
45,Item         >,Item:,2015-WC-060-BLU.ACTUAL.2380032.MSN/CSCO
46,Qty          :,QTY:,7
47,To Loc       >,To Loc:,ZL4ASSET01
48,<Done>,BLANK,
49,LPN          >,BLANK,
50,From Loc     >,From Loc:,ZL4PCSTCK01
51,Item         >,Item:,1415-A-048-RED.ACTUAL.2380032.MSN/CSCO
52,Qty          :,QTY:,5
53,To Loc       >,To Loc:,ZL4ASSET02
54,<Done>,BLANK,
55,LPN          >,BLANK,
56,From Loc     >,From Loc:,ZL4PCSTCK02
57,Item         >,Item:,1415-A-048-BLU.ACTUAL.2380032.MSN/CSCO
58,Qty          :,QTY:,5
59,To Loc       >,To Loc:,ZL4ASSET02
60,<Done>,BLANK,
61,LPN          >,BLANK,
62,From Loc     >,From Loc:,ZL4PCSTCK03
63,Item         >,Item:,1415-A-060-RED.ACTUAL.2380032.MSN/CSCO
64,Qty          :,QTY:,2
65,To Loc       >,To Loc:,ZL4ASSET02
66,<Done>,BLANK,
67,LPN          >,BLANK,
68,From Loc     >,From Loc:,ZL4PCSTCK04
69,Item         >,Item:,1415-A-060-BLU.ACTUAL.2380032.MSN/CSCO
70,Qty          :,QTY:,2
71,To Loc       >,To Loc:,ZL4ASSET02
72,<Done>,BLANK,
73,LPN          >,BLANK,
74,From Loc     >,From Loc:,ZL4PCSTCK05
75,Item         >,Item:,2015-WC-048-RED.ACTUAL.2380032.MSN/CSCO
76,Qty          :,QTY:,2
77,To Loc       >,To Loc:,ZL4ASSET02
78,<Done>,BLANK,
79,LPN          >,BLANK,
80,From Loc     >,From Loc:,ZL4PCSTCK06
81,Item         >,Item:,2015-WC-048-BLU.ACTUAL.2380032.MSN/CSCO
82,Qty          :,QTY:,2
83,To Loc       >,To Loc:,ZL4ASSET02
84,<Done>,BLANK,
85,LPN          >,BLANK,
86,From Loc     >,From Loc:,ZL4PCSTCK07
87,Item         >,Item:,2015-WC-060-RED.ACTUAL.2380032.MSN/CSCO
88,Qty          :,QTY:,7
89,To Loc       >,To Loc:,ZL4ASSET02
90,<Done>,BLANK,
91,LPN          >,BLANK,
92,From Loc     >,From Loc:,ZL4PCSTCK08
93,Item         >,Item:,2015-WC-060-BLU.ACTUAL.2380032.MSN/CSCO
94,Qty          :,QTY:,7
95,To Loc       >,To Loc:,ZL4ASSET02
96,<Done>,BLANK,
97,LPN          >,BLANK,
98,From Loc     >,From Loc:,ZL4PCSTCK01
99,Item         >,Item:,1415-A-048-RED.ACTUAL.2380032.MSN/CSCO
100,Qty          :,QTY:,5
101,To Loc       >,To Loc:,ZL4ASSET03
102,<Done>,BLANK,
103,LPN          >,BLANK,
104,From Loc     >,From Loc:,ZL4PCSTCK02
105,Item         >,Item:,1415-A-048-BLU.ACTUAL.2380032.MSN/CSCO
106,Qty          :,QTY:,5
107,To Loc       >,To Loc:,ZL4ASSET03
108,<Done>,BLANK,
109,LPN          >,BLANK,
110,From Loc     >,From Loc:,ZL4PCSTCK03
111,Item         >,Item:,1415-A-060-RED.ACTUAL.2380032.MSN/CSCO
112,Qty          :,QTY:,2
113,To Loc       >,To Loc:,ZL4ASSET03
114,<Done>,BLANK,
115,LPN          >,BLANK,
116,From Loc     >,From Loc:,ZL4PCSTCK04
117,Item         >,Item:,1415-A-060-BLU.ACTUAL.2380032.MSN/CSCO
118,Qty          :,QTY:,2
119,To Loc       >,To Loc:,ZL4ASSET03
120,<Done>,BLANK,
121,LPN          >,BLANK,
122,From Loc     >,From Loc:,ZL4PCSTCK05
123,Item         >,Item:,2015-WC-048-RED.ACTUAL.2380032.MSN/CSCO
124,Qty          :,QTY:,2
125,To Loc       >,To Loc:,ZL4ASSET03
126,<Done>,BLANK,
127,LPN          >,BLANK,
128,From Loc     >,From Loc:,ZL4PCSTCK06
129,Item         >,Item:,2015-WC-048-BLU.ACTUAL.2380032.MSN/CSCO
130,Qty          :,QTY:,2
131,To Loc       >,To Loc:,ZL4ASSET03
132,<Done>,BLANK,
133,LPN          >,BLANK,
134,From Loc     >,From Loc:,ZL4PCSTCK07
135,Item         >,Item:,2015-WC-060-RED.ACTUAL.2380032.MSN/CSCO
136,Qty          :,QTY:,7
137,To Loc       >,To Loc:,ZL4ASSET03
138,<Done>,BLANK,
139,LPN          >,BLANK,
140,From Loc     >,From Loc:,ZL4PCSTCK08
141,Item         >,Item:,2015-WC-060-BLU.ACTUAL.2380032.MSN/CSCO
142,Qty          :,QTY:,7
143,To Loc       >,To Loc:,ZL4ASSET03
144,<Done>,BLANK,
145,FINISHED,,
146,SUBTRANSFER,,
