NUMBER,PROMPT,KEY,DATA
1,LPN      >,BLANK,
2,Job      >,Job,3926252
3,SN       >,SN1,FLM27410ETE
4,<Components>,BLANK,
5,SN       >,SN2,FLM27410ETE
6,<Next Assm>,BLANK,
7,SN       >,SN1,FLM27410EUF
8,<Components>,BLANK,
9,SN       >,SN2,FLM27410EUF
10,<Next Assm>,BLANK,
11,SN       >,SN1,FLM290109V9
12,<Components>,BLANK,
13,SN       >,SN2,FLM290109V9
14,<Next Assm>,BLANK,
15,SN       >,SN1,FLM290104FN
16,<Components>,BLANK,
17,SN       >,SN2,FLM290104FN
18,<Next Assm>,BLANK,
19,SN       >,SN1,FLM290109WT
20,<Components>,BLANK,
21,SN       >,SN2,FLM290109WT
22,<Next Assm>,BLANK,
23,SN       >,SN1,FLM290107QM
24,<Components>,BLANK,
25,SN       >,SN2,FLM290107QM
26,<Next Assm>,BLANK,
27,SN       >,SN1,FLM26490DWH
28,<Components>,BLANK,
29,SN       >,SN2,FLM26490DWH
30,<Next Assm>,BLANK,
31,SN       >,SN1,FLM29030HLQ
32,<Components>,BLANK,
33,SN       >,SN2,FLM29030HLQ
34,<Next Assm>,BLANK,
35,SN       >,SN1,FLM29030D57
36,<Components>,BLANK,
37,SN       >,SN2,FLM29030D57
38,<Next Assm>,BLANK,
39,SN       >,SN1,FLM290103DV
40,<Components>,BLANK,
41,SN       >,SN2,FLM290103DV
42,<Next Assm>,BLANK,
43,SN       >,SN1,FLM29020S2U
44,<Components>,BLANK,
45,SN       >,SN2,FLM29020S2U
46,<Next Assm>,BLANK,
47,SN       >,SN1,FLM29020FVG
48,<Components>,BLANK,
49,SN       >,SN2,FLM29020FVG
50,<Next Assm>,BLANK,
51,SN       >,SN1,FLM29020PH4
52,<Components>,BLANK,
53,SN       >,SN2,FLM29020PH4
54,<Next Assm>,BLANK,
55,SN       >,SN1,FLM29020MMY
56,<Components>,BLANK,
57,SN       >,SN2,FLM29020MMY
58,<Next Assm>,BLANK,
59,SN       >,SN1,FLM29030D55
60,<Components>,BLANK,
61,SN       >,SN2,FLM29030D55
62,<Next Assm>,BLANK,
63,SN       >,SN1,FLM29020FVU
64,<Components>,BLANK,
65,SN       >,SN2,FLM29020FVU
66,<Next Assm>,BLANK,
67,SN       >,SN1,FLM28450FT1
68,<Components>,BLANK,
69,SN       >,SN2,FLM28450FT1
70,<Next Assm>,BLANK,
71,SN       >,SN1,FLM29020JXZ
72,<Components>,BLANK,
73,SN       >,SN2,FLM29020JXZ
74,<Next Assm>,BLANK,
75,SN       >,SN1,FLM290204XY
76,<Components>,BLANK,
77,SN       >,SN2,FLM290204XY
78,<Next Assm>,BLANK,
79,SN       >,SN1,FLM29030D4Q
80,<Components>,BLANK,
81,SN       >,SN2,FLM29030D4Q
82,<Next Assm>,BLANK,
83,SN       >,SN1,FLM273002EH
84,<Components>,BLANK,
85,SN       >,SN2,FLM273002EH
86,<Next Assm>,BLANK,
87,SN       >,SN1,FLM27050GKS
88,<Components>,BLANK,
89,SN       >,SN2,FLM27050GKS
90,<Next Assm>,BLANK,
91,SN       >,SN1,FLM27030FQP
92,<Components>,BLANK,
93,SN       >,SN2,FLM27030FQP
94,<Next Assm>,BLANK,
95,SN       >,SN1,FLM28520860
96,<Components>,BLANK,
97,SN       >,SN2,FLM28520860
98,<Next Assm>,BLANK,
99,SN       >,SN1,FLM29020S6Y
100,<Components>,BLANK,
101,SN       >,SN2,FLM29020S6Y
102,<Next Assm>,BLANK,
103,SN       >,SN1,FLM2730029J
104,<Components>,BLANK,
105,SN       >,SN2,FLM2730029J
106,<Next Assm>,BLANK,
107,SN       >,SN1,FLM27500332
108,<Components>,BLANK,
109,SN       >,SN2,FLM27500332
110,<Next Assm>,BLANK,
111,SN       >,SN1,FLM275006PQ
112,<Components>,BLANK,
113,SN       >,SN2,FLM275006PQ
114,<Next Assm>,BLANK,
115,SN       >,SN1,FLM284607X5
116,<Components>,BLANK,
117,SN       >,SN2,FLM284607X5
118,<Next Assm>,BLANK,
119,SN       >,SN1,FLM29030HLS
120,<Components>,BLANK,
121,SN       >,SN2,FLM29030HLS
122,<Next Assm>,BLANK,
123,SN       >,SN1,FLM27280003
124,<Components>,BLANK,
125,SN       >,SN2,FLM27280003
126,<Next Assm>,BLANK,
127,SN       >,SN1,FLM275107ZX
128,<Components>,BLANK,
129,SN       >,SN2,FLM275107ZX
130,<Next Assm>,BLANK,
131,SN       >,SN1,FLM29030D3H
132,<Components>,BLANK,
133,SN       >,SN2,FLM29030D3H
134,<Next Assm>,BLANK,
135,SN       >,SN1,FLM29020C6L
136,<Components>,BLANK,
137,SN       >,SN2,FLM29020C6L
138,<Next Assm>,BLANK,
139,SN       >,SN1,FLM28490Q65
140,<Components>,BLANK,
141,SN       >,SN2,FLM28490Q65
142,<Next Assm>,BLANK,
143,SN       >,SN1,FLM27350415
144,<Components>,BLANK,
145,SN       >,SN2,FLM27350415
146,<Next Assm>,BLANK,
147,SN       >,SN1,FLM272909QT
148,<Components>,BLANK,
149,SN       >,SN2,FLM272909QT
150,<Next Assm>,BLANK,
151,SN       >,SN1,FLM273002CM
152,<Components>,BLANK,
153,SN       >,SN2,FLM273002CM
154,<Next Assm>,BLANK,
155,SN       >,SN1,FLM273001YB
156,<Components>,BLANK,
157,SN       >,SN2,FLM273001YB
158,FINISHED,,
159,WIP,,
