{"limit":25,"offset":0,"releasedOnly":true,"includeCompPercent":true,"includeLocations":true,"includeOrderManager":true,"facilityCode":"WPC","showUnassignedOnly":false,"orderBy":[{"orderField":"priority","orderDirection":"ASC"},{"orderField":"criticalRatio","orderDirection":"ASC"},{"orderField":"documentNumber"}],"labArea":"L3","dynamicFilters":[{"name":"serviceTemplateName","displayAs":"Service Template","type":"dynamicLov","dataType":"string","operator":"%","lovName":"templates","values":["%3369%","%21008%","%25821%","%25710%","%25711%","%26647%"]}]}