{"limit":25,"offset":0,"releasedOnly":true,"includeCompPercent":true,"includeLocations":true,"includeOrderManager":true,"facilityCode":"WPC","showUnassignedOnly":false,"orderBy":[{"orderField":"priority","orderDirection":"ASC"},{"orderField":"criticalRatio","orderDirection":"ASC"},{"orderField":"documentNumber"}],"labArea":"L3","dynamicFilters":[{"name":"program","displayAs":"Program","type":"dynamicLov","dataType":"string","operator":"=","lovName":"programs","filterValues":["ABBVIE","ABM","ACADIA HEALTHCARE COMPANY, INC.","ADP","AIG","AIG Technologies Inc","API Technologies Corp.","AT&T","AT&T/Corpus Christi Army Depot","AT&T/Metropolitan Life Insurance Company/Marriott International","ATOS","AXA","Ahref","Alaska USA Federal Credit Union","Alliance","Alliance / World Courier","Alliance Healthcare","Alliant Credit Union","Ally","Amazon","Amazon / Aerospace","Ameren","AmerisourceBergen","Amex","Amgen","Anaplan","Anuttacon","Apple","Apptio","Ardent Health","Argonne National Laboratory","Armstrong Teasdale LLP","Army Guard","Army Tactical","Arrow Electronics","Ascension Health","Autodesk","BCBS Florida","BJC","BOA","Baker Hughes","Ball Corporation / Newmont","Bank of America","Barclays","Barry-Wehlmiller","Bass Pro","Best Buy","Biogen","Birlasoft Solutions Inc","Black & Veatch","Black and Veatch","Black and Veatch Canada Company","Blue Cross Blue Shield of Florida","Boehringer Ingelheim","Boeing","Booking.com","Box Inc.","Brian Hutcherson","Brightspeed","Bunge","Butterfly Network, Inc","CBRE","CDO Technologies","CDO Technologies / Grand Forks Air Force Base Core Network Upgrade","CIGNA","COLUMBIA SPORTSWEAR JAPAN, INC.","CVS Health","Capital Group","Cardinal Health","Carnival","Caterpillar","Caterpillar Financial Services Corporation","Catholic Health Initiatives","Cedars-Sinai Medical Center","Census","CenturyLink Communications, LLC (WWT)","Cerner","Charles Schwab","Charter","Chevron","Chubb","Chubb Insurance Group","Ciena","Citi Bank","Citizens Bank","City of Goodyear","City of Kansas City, MO - Library","Colonial Pipeline Company","Colorado State University","Columbia Sportswear Canda LP","Comcast","Comcast / NBCU","Comcast / SKY UK LTD","Comcast/NBCU","Compute North LLC","Conagra","Conagra / CSG Systems / Bass Pro","Conoco Phillips","Costco","Cox","Cox Auto","Cox IPC","Cummins","Cummins Inc","D.R. Horton, Inc. / Tenet Health","DD Traders / Garmin","DHA","DISA","DaVita","Defense Logistics Agency","Dell","Deloitte","Denver International Airport","Department of Defense","Department of Justice","Diageo","Digital Reality FW","Digital Realty","Dignity Health","Disney Worldwide Shared Services","Dollar General","Dollar Tree","Dropbox","Duke Energy Corporation","E.W. Scripps","ELECTRONIC ARTS","Eaton","Ebay","Edwards Life Science","Edwards Lifesciences","Elanco","Eli Lilly","Eli Lily","Emerson","Entercom","Enterprise","Enterprise Holding","Equinix","Estee Lauder","Express Scripts","Exxon Mobile","FBI","FINASTRA USA CORPORATION","FISERV","FLUOR","Facebook","Facebook/Meta","Fairview Health Services","Fannie Mae","Fannie Mae - Trinity Cyber, LLC","Farmers","Federal Intel / INNOVATIVE SIGNAL ANAYSIS INC / Forcepoint","Fidelity Investments","FirstBank","Flexi France","Forcepoint","Ford Motor Company","Fortinet","Frontier","GES - Cummins (Hasten)","GES - Ferrell / Huddleston","GES - US Bank","GM","GRADY MEMORIAL HOSPITAL CORPORATION","GSK","General Dynamic","General Electric","General Electric / Baker Hughes","General Motors","Gilead Sciences, Inc","Global Payments - TSYS","GoDaddy","Goldman Sachs","Google","Grainger/ Allstate","Grainger/ Allstate/ Endeavor Health Clinical Operations","Guardian Life","GuideWell Connect","HCL","HDFC","HQ USAEUR","HSBC","Halliburton","Hawaii Electric Company","Hazelwood School District","Helco","Hewlett Packard Enterprise Company","Honeywell International","Hormel Foods Corporation","Houston Methodist Hospital","Humana","Huntington National Bank","Hy-Vee","IBM","IBM Softlayer","IRS","ISA/Raytheon Northrop Grumman","IU Health","InDyne / US Space Force","Infosys","Intel","Intel / Sutter Health / INTEL CORPORATION","Intelligence Community","Internal DC3","Intuit/Santen/Fortinet","Iron Mountain Incorporated","Iron Mountain Incorporated ","JP Morgan Chase","JPS Health Network","Jack In the Box","Jackson-Madison County General Hospital","Johnson & Johnson","KAR Auction Services, Inc.","KDDI","KDDI America, Inc.","KPMG","Kaiser","Kamehameha Schools / Hawaiian Electric","Kayfoam Woolfson / TrioLine Polska","Kean University","Keysight Technologies, Inc / NVIDIA","Kiewit Corp","Kimberly Clark","Koch","Koch Business Solutions","LSEG","Lambda Labs","Lehigh Valley Health Network Inc","Liberty Mutual","LinkedIn","LinkedIn / Microsoft","London Stock Exchange Group (LSEG)","Lululemon","MBS","MGSL","MPO (Maryland Procurement Office) ","MYLAN INC","Macy's","Macy’s/TSYS","ManTech","Maryland Procurement Office / DLA / Defense Contract Audit Agency","Mastercard","Mayer Brown/Northern Trust","McKesson","Megaport","Memorial Sloan-Kettering Cancer Center","Merck","Mercy","Metronet","Metropolitan Life Insurance Company / Marriott International","Metropolitan State University of Denver","Micron","Micron Semiconductor","Microsoft","Microsoft - IBMOR","Missouri Office Of Admin","Moffitt Cancer Center","Moonshot","Morgan Stanley","Mosaic","Moss Adams","Moss Adams / Nordstrom","Mountain Incorporated","NBC Universal","NBCU","NBCU / UDX","NGEN","NGEN-R SMIT","NVIDIA","NVIDIA / Cognosphere","NVIDIA/Anaplan, Inc.","National Geospatial Intelligence Agency","Nationwide","Navy","NetApp, Inc.","Netflix","Netskope","Netskope / Box, Inc. / The Gap Inc.","NewFold Digital","NextDC","Nidec Motor Corporation","Nomura","Norfolk Southern","Northern Trust","Northrop Grumman","ON Semiconductor","Onlife Health, Inc.","Oracle","Organan","P&G","PEO Digital / Navy NDP/NXP","PNC","PREMIER FARNELL","PacifiCorp","PacifiCorp / Berkshire Hathaway / MidAmerica Energy (MEC)","Pacific Gas & Electric Co.","Panera","Parts Authority","Patterson-UTI Management Services","Paypal","Paypal/Apple","Pennsylvania Turnpike Commission","Pepsi/American Airlines","Pfizer","Phillips 66","Procter & Gamble","Providence Health","Quik Trip","Qwilt","RGA","Rackspace","Raytheon","Regions","Regus / Rockwell","Riot Games","Rise Broadband","Roblox","Rock Island / HQ USAEUR","Rockwell","Rockwell Automation","S&P Global","SCCM","SLED TOLA - Fisher","SOCIETE GENERALE","SSM Health","Salesforce","Samsara Inc.","Sands Casino Bulgaria","Santen","Schonfeld Strategic Advisors","Seadrill Americas","Seattle Children's Hospital","Seattle Children's Hospital / Starbucks","Siemens Energy Inc","Solidigm Technology","Sony","SouthCom / Booz Allen & Hamilton","Southcom","Southern California Edison","Southern California Gas","Southwest Airlines Company","Spencer Stuart Italia","St Jude Children's","St. Louis Community College","Standard Chartered","Starbucks","Starbucks Coffee EMEA BV","State Farm","State Street Bank and Trust","State of Florida","State of Washington","Stifel","Sutter Health","Symantec","Symantec/Anaplan, Inc.","Syndication","Sysco Corporation","T-Mobile","TCS","TCS / MphasiS / Mindtree Limited","TSYS","TTEC Holdings, Inc","TTEC Holdings, Inc.","Tableau","Target","Technip Energies","Telefonica","Temasek","Tennessee Valley Authority","Texas A&M","Texas Children's Hospital","The Bank of New York Mellon","The Bank of New York Mellon / Temasek","The Boyd Group","The Travelers Indemnity Company","Toshiba / Sands Digital Services Bulgaria EOOD","Truist Bank","Twilio","U.S. Air Force","U.S. Army","U.S. Coast Guard","U.S. Department of Agriculture","U.S. Dept of Interior","U.S. Marine Corps","U.S. Marshals Service","U.S. Navy","UBS","UCLA","UMB / CNMC / JH&A","UNC Health Care System","USACE TAC","USAFE","USDA","USMEPCOM","USPS","VMWare","Valleywise","Veritiv","Verizon","Verizon - TBX","Veteran's Affairs","Veteran’s United / Armstrong Teasdale LLP / Bunge","Veteran’s United/Armstrong Teasdale LLP/Bunge","Viasat","Visa","Vodadone","Vodafone ","Wal-Mart","Washington State DSHS","Washington University","Wells Fargo","WiWynn","Wiwynn","World Market / Ross Dress for Less, Inc.","Wyndham","XL","Xandr","Xcel Energy","Xcel Energy Services, Inc"],"values":["Microsoft"]},{"name":"serviceTemplateDesc","displayAs":"Service Template Description","type":"dynamicLov","dataType":"string","operator":"%","lovName":"templateDescriptions","values":["%DLM%","%core%","%MSIT%","%WIFI6%","%CORPNET%","%international%"]}]}