NUMBER,PROMPT,KEY,DATA
1,Item       >,Item,MSF-031683.ACTUAL.26129.MSN/CSCO
2,SN         >,SN,JPE19112111
3,<Done>,BLANK,
4,SEND,BLANK,
5,SN         >,SN,SGD20410323
6,<Done>,BLANK,
7,SEND,BLANK,
8,SN         >,SN,SGD20420706
9,<Done>,BLANK,
10,SEND,BLANK,
11,SN         >,SN,SSJ19102991
12,<Done>,BLANK,
13,SEND,BLANK,
14,SN         >,SN,JPE20430443
15,<Done>,BLANK,
16,SEND,BLANK,
17,SN         >,SN,JPE19281350
18,<Done>,BLANK,
19,SEND,BLANK,
20,SN         >,SN,SSJ19121853
21,<Done>,BLANK,
22,SEND,BLANK,
23,SN         >,SN,JPE20430461
24,<Done>,BLANK,
25,SEND,BLANK,
26,SN         >,SN,JPE19281352
27,<Done>,BLANK,
28,FINISHED,,
