NUMBER,PROMPT,KEY,DATA
1,LPN          >,LPN,L40-MO154386964-002-7830
2,To Loc       >,LOC,ZL3RU01
3,To CG        >,CG,MCIO_RUS-C
4,<Done>,BLANK,
5,LPN          >,LPN,L40-MO154386964-003-7830
6,To Loc       >,LOC,ZL3RU01
7,To CG        >,CG,MCIO_RUS-C
8,<Done>,BLANK,
9,LPN          >,LPN,L40-MO154386964-004-7830
10,To Loc       >,LOC,ZL3RU01
11,To CG        >,CG,MCIO_RUS-C
12,<Done>,BLANK,
13,LPN          >,LPN,L40-MO154386964-005-7830
14,To Loc       >,LOC,ZL3RU01
15,To CG        >,CG,MCIO_RUS-C
16,<Done>,BLANK,
17,LPN          >,LPN,L40-MO154386964-001-8528
18,To Loc       >,LOC,ZL3RU01
19,To CG        >,CG,MCIO_RUS-C
20,<Done>,BLANK,
21,LPN          >,LPN,L40-MO155109920-001-5689
22,To Loc       >,LOC,ZL3RU01
23,To CG        >,CG,MCIO_RUS-C
24,<Done>,BLANK,
25,LPN          >,LPN,L40-MO155109920-002-5689
26,To Loc       >,LOC,ZL3RU01
27,To CG        >,CG,MCIO_RUS-C
28,<Done>,BLANK,
29,LPN          >,LPN,L40-MO155109920-003-5689
30,To Loc       >,LOC,ZL3RU01
31,To CG        >,CG,MCIO_RUS-C
32,<Done>,BLANK,
33,FINISHED,,
