NUMBER,PROMPT,KEY,DATA
1,From LPN  :,ChildLPN,RC40-8458362
2,To LPN    :,C40,BTS40-8734857
3,Locator   :,BLANK,
4,Item      :,ChildPart,8200-2RU-KIT=.ACTUAL.324.MSN/CSCO
5,Quantity  :,ChildQty,42
6,<Done>,BLANK,
7,From LPN  :,ChildLPN,RC40-8458362
8,To LPN    :,C40,BTS40-8734856
9,Locator   :,BLANK,
10,Item      :,ChildPart,8200-2RU-KIT=.ACTUAL.324.MSN/CSCO
11,Quantity  :,ChildQty,56
12,<Done>,BLANK,
13,From LPN  :,ChildLPN,RC40-8458362
14,To LPN    :,C40,BTS40-8734855
15,Locator   :,BLANK,
16,Item      :,ChildPart,MTEF-KIT-A.ACTUAL.21484.MSN/CSCO
17,Quantity  :,ChildQty,20
18,<Done>,BLANK,
19,From LPN  :,ChildLPN,RC40-8458362
20,To LPN    :,C40,BTS40-8693596
21,Locator   :,BLANK,
22,Item      :,ChildPart,MTEF-KIT-A.ACTUAL.21484.MSN/CSCO
23,Quantity  :,ChildQty,17
24,<Done>,BLANK,
25,From LPN  :,ChildLPN,RC40-8458362
26,To LPN    :,C40,BTS40-8693594
27,Locator   :,BLANK,
28,Item      :,ChildPart,DCS-7500-LCVR.ACTUAL.26129.MSN/CSCO
29,Quantity  :,ChildQty,6
30,<Done>,BLANK,
31,FINISHED,,
32,REPACK,,
