NUMBER,PROMPT,KEY,DATA
1,LPN          >,BLANK,
2,From Loc     >,From Loc:,MSFWIP
3,Item         >,Item:,DCS-7300-PCVR.ACTUAL.26129.MSN/CSCO
4,Qty          :,QTY:,1
5,To Loc       >,To Loc:,ZL3RUIN60
6,To CG        >,CG,MCIO_NI-C
7,<Done>,BLANK,
8,LPN          >,BLANK,
9,From Loc     >,From Loc:,MSFWIP
10,Item         >,Item:,DCS-7500-LCVR.ACTUAL.26129.MSN/CSCO
11,Qty          :,QTY:,112
12,To Loc       >,To Loc:,ZL3RUIN60
13,To CG        >,CG,MCIO_NI-C
14,<Done>,BLANK,
15,LPN          >,BLANK,
16,From Loc     >,From Loc:,MSFWIP
17,Item         >,Item:,KIT-7508N-RK-L.ACTUAL.26129.MSN/CSCO
18,Qty          :,QTY:,8
19,To Loc       >,To Loc:,ZL3RUIN60
20,To CG        >,CG,MCIO_NI-C
21,<Done>,BLANK,
22,FINISHED,,
23,CGTRANSFER,,
