NUMBER,PROMPT,KEY,DATA
1,LPN      >,BLANK,
2,Job      >,Job,3915872
3,SN       >,SN1,SSJ19032496
4,<Components>,BLANK,
5,SN       >,SN2,SSJ19032496
6,<Next Assm>,BLANK,
7,SN       >,SN1,SGD22140225
8,<Components>,BLANK,
9,SN       >,SN2,SGD22140225
10,<Next Assm>,BLANK,
11,SN       >,SN1,SGD22140221
12,<Components>,BLANK,
13,SN       >,SN2,SGD22140221
14,<Next Assm>,BLANK,
15,SN       >,SN1,JPA2306P02X
16,<Components>,BLANK,
17,SN       >,SN2,JPA2306P02X
18,<Next Assm>,BLANK,
19,SN       >,SN1,SGD22140355
20,<Components>,BLANK,
21,SN       >,SN2,SGD22140355
22,<Next Assm>,BLANK,
23,SN       >,SN1,SGD22100625
24,<Components>,BLANK,
25,SN       >,SN2,SGD22100625
26,<Next Assm>,BLANK,
27,SN       >,SN1,JPA2304P1WU
28,<Components>,BLANK,
29,SN       >,SN2,JPA2304P1WU
30,<Next Assm>,BLANK,
31,SN       >,SN1,JPE20042239
32,<Components>,BLANK,
33,SN       >,SN2,JPE20042239
34,<Next Assm>,BLANK,
35,SN       >,SN1,JPE19050085
36,<Components>,BLANK,
37,SN       >,SN2,JPE19050085
38,<Next Assm>,BLANK,
39,SN       >,SN1,SGD22140331
40,<Components>,BLANK,
41,SN       >,SN2,SGD22140331
42,<Next Assm>,BLANK,
43,SN       >,SN1,JPE20042179
44,<Components>,BLANK,
45,SN       >,SN2,JPE20042179
46,<Next Assm>,BLANK,
47,SN       >,SN1,SGD22140351
48,<Components>,BLANK,
49,SN       >,SN2,SGD22140351
50,<Next Assm>,BLANK,
51,SN       >,SN1,JPA2304P0H6
52,<Components>,BLANK,
53,SN       >,SN2,JPA2304P0H6
54,<Next Assm>,BLANK,
55,SN       >,SN1,SGD22140328
56,<Components>,BLANK,
57,SN       >,SN2,SGD22140328
58,<Next Assm>,BLANK,
59,SN       >,SN1,SGD22140207
60,<Components>,BLANK,
61,SN       >,SN2,SGD22140207
62,<Next Assm>,BLANK,
63,SN       >,SN1,JPE20383565
64,<Components>,BLANK,
65,SN       >,SN2,JPE20383565
66,<Next Assm>,BLANK,
67,SN       >,SN1,SGD22140308
68,<Components>,BLANK,
69,SN       >,SN2,SGD22140308
70,<Next Assm>,BLANK,
71,SN       >,SN1,SGD22140302
72,<Components>,BLANK,
73,SN       >,SN2,SGD22140302
74,<Next Assm>,BLANK,
75,SN       >,SN1,SGD21341449
76,<Components>,BLANK,
77,SN       >,SN2,SGD21341449
78,<Next Assm>,BLANK,
79,SN       >,SN1,JPE20042987
80,<Components>,BLANK,
81,SN       >,SN2,JPE20042987
82,<Next Assm>,BLANK,
83,SN       >,SN1,JPA2304P0JQ
84,<Components>,BLANK,
85,SN       >,SN2,JPA2304P0JQ
86,<Next Assm>,BLANK,
87,SN       >,SN1,SGD22140340
88,<Components>,BLANK,
89,SN       >,SN2,SGD22140340
90,<Next Assm>,BLANK,
91,SN       >,SN1,JPA2304P1XC
92,<Components>,BLANK,
93,SN       >,SN2,JPA2304P1XC
94,FINISHED,,
