NUMBER,PROMPT,KEY,DATA
1,LPN      >,BLANK,
2,Job      >,Job,3915879
3,SN       >,SN1,JPE20393201
4,<Components>,BLANK,
5,SN       >,SN2,JPE20393201
6,<Next Assm>,BLANK,
7,SN       >,SN1,SGD20081112
8,<Components>,BLANK,
9,SN       >,SN2,SGD20081112
10,<Next Assm>,BLANK,
11,SN       >,SN1,JPE20384566
12,<Components>,BLANK,
13,SN       >,SN2,JPE20384566
14,<Next Assm>,BLANK,
15,SN       >,SN1,JPE20430448
16,<Components>,BLANK,
17,SN       >,SN2,JPE20430448
18,<Next Assm>,BLANK,
19,SN       >,SN1,JPE20430472
20,<Components>,BLANK,
21,SN       >,SN2,JPE20430472
22,<Next Assm>,BLANK,
23,SN       >,SN1,JPE20393221
24,<Components>,BLANK,
25,SN       >,SN2,JPE20393221
26,<Next Assm>,BLANK,
27,SN       >,SN1,JPE20430569
28,<Components>,BLANK,
29,SN       >,SN2,JPE20430569
30,<Next Assm>,BLANK,
31,SN       >,SN1,JPE20340220
32,<Components>,BLANK,
33,SN       >,SN2,JPE20340220
34,<Next Assm>,BLANK,
35,SN       >,SN1,JPE20384509
36,<Components>,BLANK,
37,SN       >,SN2,JPE20384509
38,<Next Assm>,BLANK,
39,SN       >,SN1,JPE20430427
40,<Components>,BLANK,
41,SN       >,SN2,JPE20430427
42,<Next Assm>,BLANK,
43,SN       >,SN1,JPE20384606
44,<Components>,BLANK,
45,SN       >,SN2,JPE20384606
46,<Next Assm>,BLANK,
47,SN       >,SN1,JPE19503598
48,<Components>,BLANK,
49,SN       >,SN2,JPE19503598
50,<Next Assm>,BLANK,
51,SN       >,SN1,JPE20394471
52,<Components>,BLANK,
53,SN       >,SN2,JPE20394471
54,<Next Assm>,BLANK,
55,SN       >,SN1,JPE19480621
56,<Components>,BLANK,
57,SN       >,SN2,JPE19480621
58,<Next Assm>,BLANK,
59,SN       >,SN1,JPE19483547
60,<Components>,BLANK,
61,SN       >,SN2,JPE19483547
62,<Next Assm>,BLANK,
63,SN       >,SN1,JPE19480664
64,<Components>,BLANK,
65,SN       >,SN2,JPE19480664
66,<Next Assm>,BLANK,
67,SN       >,SN1,JPE21493503
68,<Components>,BLANK,
69,SN       >,SN2,JPE21493503
70,<Next Assm>,BLANK,
71,SN       >,SN1,JPE19483662
72,<Components>,BLANK,
73,SN       >,SN2,JPE19483662
74,<Next Assm>,BLANK,
75,SN       >,SN1,JPE20450940
76,<Components>,BLANK,
77,SN       >,SN2,JPE20450940
78,<Next Assm>,BLANK,
79,SN       >,SN1,JPE20400018
80,<Components>,BLANK,
81,SN       >,SN2,JPE20400018
82,<Next Assm>,BLANK,
83,SN       >,SN1,JPE19483556
84,<Components>,BLANK,
85,SN       >,SN2,JPE19483556
86,<Next Assm>,BLANK,
87,SN       >,SN1,JPE20305372
88,<Components>,BLANK,
89,SN       >,SN2,JPE20305372
90,<Next Assm>,BLANK,
91,SN       >,SN1,JPE20430399
92,<Components>,BLANK,
93,SN       >,SN2,JPE20430399
94,<Next Assm>,BLANK,
95,SN       >,SN1,JPE20425306
96,<Components>,BLANK,
97,SN       >,SN2,JPE20425306
98,<Next Assm>,BLANK,
99,SN       >,SN1,JPE20393181
100,<Components>,BLANK,
101,SN       >,SN2,JPE20393181
102,<Next Assm>,BLANK,
103,SN       >,SN1,JPE19483546
104,<Components>,BLANK,
105,SN       >,SN2,JPE19483546
106,<Next Assm>,BLANK,
107,SN       >,SN1,JPE20266818
108,<Components>,BLANK,
109,SN       >,SN2,JPE20266818
110,<Next Assm>,BLANK,
111,SN       >,SN1,JPE20442997
112,<Components>,BLANK,
113,SN       >,SN2,JPE20442997
114,<Next Assm>,BLANK,
115,SN       >,SN1,JPE20443070
116,<Components>,BLANK,
117,SN       >,SN2,JPE20443070
118,<Next Assm>,BLANK,
119,SN       >,SN1,JPE19503543
120,<Components>,BLANK,
121,SN       >,SN2,JPE19503543
122,<Next Assm>,BLANK,
123,SN       >,SN1,JPE19503576
124,<Components>,BLANK,
125,SN       >,SN2,JPE19503576
126,FINISHED,,
