NUMBER,PROMPT,KEY,DATA
1,LPN          >,LPN,L40-MO154384477-001-0223
2,To Loc       >,LOC,ZL3RU01
3,To CG        >,CG,MCIO_RUS-C
4,<Done>,BLANK,
5,LPN          >,LPN,L40-MO154384477-001-7830
6,To Loc       >,LOC,ZL3RU01
7,To CG        >,CG,MCIO_RUS-C
8,<Done>,BLANK,
9,LPN          >,LPN,L40-MO154384477-002-7830
10,To Loc       >,LOC,ZL3RU01
11,To CG        >,CG,MCIO_RUS-C
12,<Done>,BLANK,
13,LPN          >,LPN,L40-MO154384477-003-7830
14,To Loc       >,LOC,ZL3RU01
15,To CG        >,CG,MCIO_RUS-C
16,<Done>,BLANK,
17,FINISHED,,
18,CGTRANSFER,,
