NUMBER,PROMPT,KEY,DATA
1,LPN      >,BLANK,L40-8558212
2,Job      >,Job,3915870
3,SN       >,SN1,JPA2302P0X4
4,<Components>,BLANK,
5,SN       >,SN2,JPA2302P0X4
6,<Next Assm>,BLANK,
7,SN       >,SN1,SSJ19110825
8,<Components>,BLANK,
9,SN       >,SN2,SSJ19110825
10,<Next Assm>,BLANK,
11,SN       >,SN1,SGD22140299
12,<Components>,BLANK,
13,SN       >,SN2,SGD22140299
14,<Next Assm>,BLANK,
15,SN       >,SN1,SSJ19082132
16,<Components>,BLANK,
17,SN       >,SN2,SSJ19082132
18,<Next Assm>,BLANK,
19,SN       >,SN1,JPA2304P1WM
20,<Components>,BLANK,
21,SN       >,SN2,JPA2304P1WM
22,<Next Assm>,BLANK,
23,SN       >,SN1,SSJ19093403
24,<Components>,BLANK,
25,SN       >,SN2,SSJ19093403
26,<Next Assm>,BLANK,
27,SN       >,SN1,JPA2304P0G0
28,<Components>,BLANK,
29,SN       >,SN2,JPA2304P0G0
30,<Next Assm>,BLANK,
31,SN       >,SN1,SSJ19100600
32,<Components>,BLANK,
33,SN       >,SN2,SSJ19100600
34,<Next Assm>,BLANK,
35,SN       >,SN1,JPA2304P1YY
36,<Components>,BLANK,
37,SN       >,SN2,JPA2304P1YY
38,<Next Assm>,BLANK,
39,SN       >,SN1,JPA2304P1W5
40,<Components>,BLANK,
41,SN       >,SN2,JPA2304P1W5
42,<Next Assm>,BLANK,
43,SN       >,SN1,SGD20410324
44,<Components>,BLANK,
45,SN       >,SN2,SGD20410324
46,FINISHED,,
