NUMBER,PROMPT,KEY,DATA
1,LPN      >,BLANK,
2,Job      >,Job,3915871
3,SN       >,SN1,SGD22140277
4,<Components>,BLANK,
5,SN       >,SN2,SGD22140277
6,<Next Assm>,BLANK,
7,SN       >,SN1,SGD19503340
8,<Components>,BLANK,
9,SN       >,SN2,SGD19503340
10,<Next Assm>,BLANK,
11,SN       >,SN1,SGD22140228
12,<Components>,BLANK,
13,SN       >,SN2,SGD22140228
14,<Next Assm>,BLANK,
15,SN       >,SN1,SGD22140344
16,<Components>,BLANK,
17,SN       >,SN2,SGD22140344
18,<Next Assm>,BLANK,
19,SN       >,SN1,JPE22101336
20,<Components>,BLANK,
21,SN       >,SN2,JPE22101336
22,<Next Assm>,BLANK,
23,SN       >,SN1,JPE20043192
24,<Components>,BLANK,
25,SN       >,SN2,JPE20043192
26,<Next Assm>,BLANK,
27,SN       >,SN1,SGD22140337
28,<Components>,BLANK,
29,SN       >,SN2,SGD22140337
30,<Next Assm>,BLANK,
31,SN       >,SN1,SGD21341411
32,<Components>,BLANK,
33,SN       >,SN2,SGD21341411
34,<Next Assm>,BLANK,
35,SN       >,SN1,JPE19483607
36,<Components>,BLANK,
37,SN       >,SN2,JPE19483607
38,<Next Assm>,BLANK,
39,SN       >,SN1,SSJ19062742
40,<Components>,BLANK,
41,SN       >,SN2,SSJ19062742
42,<Next Assm>,BLANK,
43,SN       >,SN1,JPA2304P1YF
44,<Components>,BLANK,
45,SN       >,SN2,JPA2304P1YF
46,<Next Assm>,BLANK,
47,SN       >,SN1,JPE20012518
48,<Components>,BLANK,
49,SN       >,SN2,JPE20012518
50,<Next Assm>,BLANK,
51,SN       >,SN1,JPE20042998
52,<Components>,BLANK,
53,SN       >,SN2,JPE20042998
54,<Next Assm>,BLANK,
55,SN       >,SN1,JPA2304P0HX
56,<Components>,BLANK,
57,SN       >,SN2,JPA2304P0HX
58,<Next Assm>,BLANK,
59,SN       >,SN1,JPA2304P1VY
60,<Components>,BLANK,
61,SN       >,SN2,JPA2304P1VY
62,<Next Assm>,BLANK,
63,SN       >,SN1,SSJ19050662
64,<Components>,BLANK,
65,SN       >,SN2,SSJ19050662
66,<Next Assm>,BLANK,
67,SN       >,SN1,SGD22034529
68,<Components>,BLANK,
69,SN       >,SN2,SGD22034529
70,<Next Assm>,BLANK,
71,SN       >,SN1,JPE22082238
72,<Components>,BLANK,
73,SN       >,SN2,JPE22082238
74,<Next Assm>,BLANK,
75,SN       >,SN1,JPE20020905
76,<Components>,BLANK,
77,SN       >,SN2,JPE20020905
78,<Next Assm>,BLANK,
79,SN       >,SN1,JPE20020910
80,<Components>,BLANK,
81,SN       >,SN2,JPE20020910
82,<Next Assm>,BLANK,
83,SN       >,SN1,JPE20041985
84,<Components>,BLANK,
85,SN       >,SN2,JPE20041985
86,<Next Assm>,BLANK,
87,SN       >,SN1,JPE20022061
88,<Components>,BLANK,
89,SN       >,SN2,JPE20022061
90,<Next Assm>,BLANK,
91,SN       >,SN1,JPE20041982
92,<Components>,BLANK,
93,SN       >,SN2,JPE20041982
94,<Next Assm>,BLANK,
95,SN       >,SN1,JPA22365104
96,<Components>,BLANK,
97,SN       >,SN2,JPA22365104
98,<Next Assm>,BLANK,
99,SN       >,SN1,JPE21372439
100,<Components>,BLANK,
101,SN       >,SN2,JPE21372439
102,<Next Assm>,BLANK,
103,SN       >,SN1,JPE20022141
104,<Components>,BLANK,
105,SN       >,SN2,JPE20022141
106,<Next Assm>,BLANK,
107,SN       >,SN1,SGD22140354
108,<Components>,BLANK,
109,SN       >,SN2,SGD22140354
110,<Next Assm>,BLANK,
111,SN       >,SN1,SGD20390411
112,<Components>,BLANK,
113,SN       >,SN2,SGD20390411
114,<Next Assm>,BLANK,
115,SN       >,SN1,SGD22140290
116,<Components>,BLANK,
117,SN       >,SN2,SGD22140290
118,FINISHED,,
