NUMBER,PROMPT,KEY,DATA
1,LPN      >,BLANK,
2,Job      >,Job,3926253
3,SN       >,SN1,FLM2902070U
4,<Components>,BLANK,
5,SN       >,SN2,FLM2902070U
6,<Next Assm>,BLANK,
7,SN       >,SN1,FLM285202SE
8,<Components>,BLANK,
9,SN       >,SN2,FLM285202SE
10,<Next Assm>,BLANK,
11,SN       >,SN1,FLM29010AVN
12,<Components>,BLANK,
13,SN       >,SN2,FLM29010AVN
14,<Next Assm>,BLANK,
15,SN       >,SN1,FLM28510RM8
16,<Components>,BLANK,
17,SN       >,SN2,FLM28510RM8
18,<Next Assm>,BLANK,
19,SN       >,SN1,FLM29010DCB
20,<Components>,BLANK,
21,SN       >,SN2,FLM29010DCB
22,<Next Assm>,BLANK,
23,SN       >,SN1,FLM29010DDC
24,<Components>,BLANK,
25,SN       >,SN2,FLM29010DDC
26,<Next Assm>,BLANK,
27,SN       >,SN1,FLM29010EC7
28,<Components>,BLANK,
29,SN       >,SN2,FLM29010EC7
30,<Next Assm>,BLANK,
31,SN       >,SN1,FLM2902070K
32,<Components>,BLANK,
33,SN       >,SN2,FLM2902070K
34,<Next Assm>,BLANK,
35,SN       >,SN1,FLM29010EC5
36,<Components>,BLANK,
37,SN       >,SN2,FLM29010EC5
38,<Next Assm>,BLANK,
39,SN       >,SN1,FLM29020208
40,<Components>,BLANK,
41,SN       >,SN2,FLM29020208
42,<Next Assm>,BLANK,
43,SN       >,SN1,FLM29010DLU
44,<Components>,BLANK,
45,SN       >,SN2,FLM29010DLU
46,<Next Assm>,BLANK,
47,SN       >,SN1,FLM290107QJ
48,<Components>,BLANK,
49,SN       >,SN2,FLM290107QJ
50,<Next Assm>,BLANK,
51,SN       >,SN1,FLM2729067A
52,<Components>,BLANK,
53,SN       >,SN2,FLM2729067A
54,<Next Assm>,BLANK,
55,SN       >,SN1,FLM27290BA7
56,<Components>,BLANK,
57,SN       >,SN2,FLM27290BA7
58,<Next Assm>,BLANK,
59,SN       >,SN1,FLM290204MY
60,<Components>,BLANK,
61,SN       >,SN2,FLM290204MY
62,<Next Assm>,BLANK,
63,SN       >,SN1,FLM270605H3
64,<Components>,BLANK,
65,SN       >,SN2,FLM270605H3
66,<Next Assm>,BLANK,
67,SN       >,SN1,FLM29010DD5
68,<Components>,BLANK,
69,SN       >,SN2,FLM29010DD5
70,<Next Assm>,BLANK,
71,SN       >,SN1,FLM29010C09
72,<Components>,BLANK,
73,SN       >,SN2,FLM29010C09
74,<Next Assm>,BLANK,
75,SN       >,SN1,FLM26480APN
76,<Components>,BLANK,
77,SN       >,SN2,FLM26480APN
78,<Next Assm>,BLANK,
79,SN       >,SN1,FLM290205SE
80,<Components>,BLANK,
81,SN       >,SN2,FLM290205SE
82,<Next Assm>,BLANK,
83,SN       >,SN1,FLM283401VT
84,<Components>,BLANK,
85,SN       >,SN2,FLM283401VT
86,<Next Assm>,BLANK,
87,SN       >,SN1,FLM283401SH
88,<Components>,BLANK,
89,SN       >,SN2,FLM283401SH
90,<Next Assm>,BLANK,
91,SN       >,SN1,FLM2834011X
92,<Components>,BLANK,
93,SN       >,SN2,FLM2834011X
94,<Next Assm>,BLANK,
95,SN       >,SN1,FLM27410BWD
96,<Components>,BLANK,
97,SN       >,SN2,FLM27410BWD
98,<Next Assm>,BLANK,
99,SN       >,SN1,FLM27290AGA
100,<Components>,BLANK,
101,SN       >,SN2,FLM27290AGA
102,<Next Assm>,BLANK,
103,SN       >,SN1,FLM2834018N
104,<Components>,BLANK,
105,SN       >,SN2,FLM2834018N
106,<Next Assm>,BLANK,
107,SN       >,SN1,FLM283400E1
108,<Components>,BLANK,
109,SN       >,SN2,FLM283400E1
110,<Next Assm>,BLANK,
111,SN       >,SN1,FLM272907D0
112,<Components>,BLANK,
113,SN       >,SN2,FLM272907D0
114,<Next Assm>,BLANK,
115,SN       >,SN1,FLM282602P8
116,<Components>,BLANK,
117,SN       >,SN2,FLM282602P8
118,<Next Assm>,BLANK,
119,SN       >,SN1,FLM283401VU
120,<Components>,BLANK,
121,SN       >,SN2,FLM283401VU
122,<Next Assm>,BLANK,
123,SN       >,SN1,FLM2729064A
124,<Components>,BLANK,
125,SN       >,SN2,FLM2729064A
126,<Next Assm>,BLANK,
127,SN       >,SN1,FLM27380AL4
128,<Components>,BLANK,
129,SN       >,SN2,FLM27380AL4
130,<Next Assm>,BLANK,
131,SN       >,SN1,FLM272809ER
132,<Components>,BLANK,
133,SN       >,SN2,FLM272809ER
134,<Next Assm>,BLANK,
135,SN       >,SN1,FLM27290602
136,<Components>,BLANK,
137,SN       >,SN2,FLM27290602
138,<Next Assm>,BLANK,
139,SN       >,SN1,FLM27290BKV
140,<Components>,BLANK,
141,SN       >,SN2,FLM27290BKV
142,<Next Assm>,BLANK,
143,SN       >,SN1,FLM272906KH
144,<Components>,BLANK,
145,SN       >,SN2,FLM272906KH
146,<Next Assm>,BLANK,
147,SN       >,SN1,FLM272907CH
148,<Components>,BLANK,
149,SN       >,SN2,FLM272907CH
150,<Next Assm>,BLANK,
151,SN       >,SN1,FLM263901B3
152,<Components>,BLANK,
153,SN       >,SN2,FLM263901B3
154,<Next Assm>,BLANK,
155,SN       >,SN1,FLM272907CZ
156,<Components>,BLANK,
157,SN       >,SN2,FLM272907CZ
158,<Next Assm>,BLANK,
159,SN       >,SN1,FLM27290C8E
160,<Components>,BLANK,
161,SN       >,SN2,FLM27290C8E
162,FINISHED,,
163,WIP,,
