NUMBER,PROMPT,KEY,DATA
1,LPN      >,BLANK,
2,Job      >,Job,3915873
3,SN       >,SN1,SGD22140224
4,<Components>,BLANK,
5,SN       >,SN2,SGD22140224
6,<Next Assm>,BLANK,
7,SN       >,SN1,SGD19502916
8,<Components>,BLANK,
9,SN       >,SN2,SGD19502916
10,<Next Assm>,BLANK,
11,SN       >,SN1,SGD22140310
12,<Components>,BLANK,
13,SN       >,SN2,SGD22140310
14,<Next Assm>,BLANK,
15,SN       >,SN1,JPE22141413
16,<Components>,BLANK,
17,SN       >,SN2,JPE22141413
18,<Next Assm>,BLANK,
19,SN       >,SN1,SGD20023442
20,<Components>,BLANK,
21,SN       >,SN2,SGD20023442
22,<Next Assm>,BLANK,
23,SN       >,SN1,SGD20023671
24,<Components>,BLANK,
25,SN       >,SN2,SGD20023671
26,<Next Assm>,BLANK,
27,SN       >,SN1,SGD22140281
28,<Components>,BLANK,
29,SN       >,SN2,SGD22140281
30,<Next Assm>,BLANK,
31,SN       >,SN1,JPA2304P0HW
32,<Components>,BLANK,
33,SN       >,SN2,JPA2304P0HW
34,<Next Assm>,BLANK,
35,SN       >,SN1,SGD20023458
36,<Components>,BLANK,
37,SN       >,SN2,SGD20023458
38,<Next Assm>,BLANK,
39,SN       >,SN1,SGD22140334
40,<Components>,BLANK,
41,SN       >,SN2,SGD22140334
42,<Next Assm>,BLANK,
43,SN       >,SN1,JPE20012547
44,<Components>,BLANK,
45,SN       >,SN2,JPE20012547
46,<Next Assm>,BLANK,
47,SN       >,SN1,JPE20022101
48,<Components>,BLANK,
49,SN       >,SN2,JPE20022101
50,<Next Assm>,BLANK,
51,SN       >,SN1,JPA2304P0HN
52,<Components>,BLANK,
53,SN       >,SN2,JPA2304P0HN
54,<Next Assm>,BLANK,
55,SN       >,SN1,JPE18423474
56,<Components>,BLANK,
57,SN       >,SN2,JPE18423474
58,<Next Assm>,BLANK,
59,SN       >,SN1,JPA2304P1X3
60,<Components>,BLANK,
61,SN       >,SN2,JPA2304P1X3
62,<Next Assm>,BLANK,
63,SN       >,SN1,JPE19453491
64,<Components>,BLANK,
65,SN       >,SN2,JPE19453491
66,<Next Assm>,BLANK,
67,SN       >,SN1,JPE19471138
68,<Components>,BLANK,
69,SN       >,SN2,JPE19471138
70,<Next Assm>,BLANK,
71,SN       >,SN1,JPE19464231
72,<Components>,BLANK,
73,SN       >,SN2,JPE19464231
74,<Next Assm>,BLANK,
75,SN       >,SN1,JPE19470069
76,<Components>,BLANK,
77,SN       >,SN2,JPE19470069
78,<Next Assm>,BLANK,
79,SN       >,SN1,SGD20130080
80,<Components>,BLANK,
81,SN       >,SN2,SGD20130080
82,<Next Assm>,BLANK,
83,SN       >,SN1,SGD22140256
84,<Components>,BLANK,
85,SN       >,SN2,SGD22140256
86,<Next Assm>,BLANK,
87,SN       >,SN1,JPE19471169
88,<Components>,BLANK,
89,SN       >,SN2,JPE19471169
90,<Next Assm>,BLANK,
91,SN       >,SN1,JPE19474690
92,<Components>,BLANK,
93,SN       >,SN2,JPE19474690
94,<Next Assm>,BLANK,
95,SN       >,SN1,JPA2304P1W6
96,<Components>,BLANK,
97,SN       >,SN2,JPA2304P1W6
98,<Next Assm>,BLANK,
99,SN       >,SN1,JPA2306P031
100,<Components>,BLANK,
101,SN       >,SN2,JPA2306P031
102,<Next Assm>,BLANK,
103,SN       >,SN1,JPE20012512
104,<Components>,BLANK,
105,SN       >,SN2,JPE20012512
106,<Next Assm>,BLANK,
107,SN       >,SN1,JPE20042251
108,<Components>,BLANK,
109,SN       >,SN2,JPE20042251
110,<Next Assm>,BLANK,
111,SN       >,SN1,SGD22140200
112,<Components>,BLANK,
113,SN       >,SN2,SGD22140200
114,<Next Assm>,BLANK,
115,SN       >,SN1,JPA2304P0JE
116,<Components>,BLANK,
117,SN       >,SN2,JPA2304P0JE
118,<Next Assm>,BLANK,
119,SN       >,SN1,JPE19474618
120,<Components>,BLANK,
121,SN       >,SN2,JPE19474618
122,<Next Assm>,BLANK,
123,SN       >,SN1,JPE19471147
124,<Components>,BLANK,
125,SN       >,SN2,JPE19471147
126,<Next Assm>,BLANK,
127,SN       >,SN1,JPE19474627
128,<Components>,BLANK,
129,SN       >,SN2,JPE19474627
130,FINISHED,,
