NUMBER,PROMPT,KEY,DATA
1,From LPN   :,FromLPN,L40-SO-12176353-001-7082
2,To LPN     :,C40,C40-8413862
3,Item       >,ChildPart1:,ASR-9902-2P-KIT=.ACTUAL.324.MSN/MSIT
4,Qty        :,QuantityP1:,1
5,<Save/Next>,BLANK,
6,Item       >,ChildPart2:,ASR-9902-4P-KIT-L=.ACTUAL.324.MSN/MSIT
7,Qty        :,QuantityP2:,1
8,<Save/Next>,BLANK,
9,Item       >,ChildPart3:,SFP-10G-LR=.ACTUAL.324.MSN/MSIT
10,Qty        :,QuantityP3:,5
11,<Save/Next>,BLANK,
12,Item       >,ChildPart4:,SFP-1G-LH=.ACTUAL.324.MSN/MSIT
13,Qty        :,QuantityP4:,2
14,<Save/Next>,BLANK,
15,UPARROW,UPARROW,
16,To LPN     :,C40,C40-8413864
17,Item       >,ChildPart1:,ASR-9902-2P-KIT=.ACTUAL.324.MSN/MSIT
18,Qty        :,QuantityP1:,1
19,<Save/Next>,BLANK,
20,Item       >,ChildPart2:,ASR-9902-4P-KIT-L=.ACTUAL.324.MSN/MSIT
21,Qty        :,QuantityP2:,1
22,<Save/Next>,BLANK,
23,Item       >,ChildPart3:,SFP-10G-LR=.ACTUAL.324.MSN/MSIT
24,Qty        :,QuantityP3:,5
25,<Save/Next>,BLANK,
26,Item       >,ChildPart4:,SFP-1G-LH=.ACTUAL.324.MSN/MSIT
27,Qty        :,QuantityP4:,2
28,<Save/Next>,BLANK,
29,UPARROW2,UPARROW2,
30,From LPN   :,FromLPN,L40-SO-12180821-001-7082
31,To LPN     :,C40,C40-8425508
32,Item       >,ChildPart1:,ASR-9902-2P-KIT=.ACTUAL.324.MSN/MSIT
33,Qty        :,QuantityP1:,1
34,<Save/Next>,BLANK,
35,Item       >,ChildPart2:,ASR-9902-4P-KIT-L=.ACTUAL.324.MSN/MSIT
36,Qty        :,QuantityP2:,1
37,<Save/Next>,BLANK,
38,Item       >,ChildPart3:,SFP-10G-LR=.ACTUAL.324.MSN/MSIT
39,Qty        :,QuantityP3:,10
40,<Save/Next>,BLANK,
41,UPARROW,UPARROW,
42,To LPN     :,C40,C40-8425509
43,Item       >,ChildPart1:,ASR-9902-2P-KIT=.ACTUAL.324.MSN/MSIT
44,Qty        :,QuantityP1:,1
45,<Save/Next>,BLANK,
46,Item       >,ChildPart2:,ASR-9902-4P-KIT-L=.ACTUAL.324.MSN/MSIT
47,Qty        :,QuantityP2:,1
48,<Save/Next>,BLANK,
49,Item       >,ChildPart3:,SFP-10G-LR=.ACTUAL.324.MSN/MSIT
50,Qty        :,QuantityP3:,10
51,<Save/Next>,BLANK,
52,UPARROW2,UPARROW2,
53,From LPN   :,FromLPN,L40-SO-12176408-001-7082
54,To LPN     :,C40,C40-8414019
55,Item       >,ChildPart1:,ASR-9902-2P-KIT=.ACTUAL.324.MSN/MSIT
56,Qty        :,QuantityP1:,1
57,<Save/Next>,BLANK,
58,Item       >,ChildPart2:,ASR-9902-4P-KIT-L=.ACTUAL.324.MSN/MSIT
59,Qty        :,QuantityP2:,1
60,<Save/Next>,BLANK,
61,UPARROW,UPARROW,
62,To LPN     :,C40,C40-8414018
63,Item       >,ChildPart1:,ASR-9902-2P-KIT=.ACTUAL.324.MSN/MSIT
64,Qty        :,QuantityP1:,1
65,<Save/Next>,BLANK,
66,Item       >,ChildPart2:,ASR-9902-4P-KIT-L=.ACTUAL.324.MSN/MSIT
67,Qty        :,QuantityP2:,1
68,<Save/Next>,BLANK,
69,UPARROW2,UPARROW2,
70,From LPN   :,FromLPN,L40-SO-12274492-001-6060
71,To LPN     :,C40,C40-8562029
72,Item       >,ChildPart1:,ASR-9902-2P-KIT=.ACTUAL.324.MSN/MSIT
73,Qty        :,QuantityP1:,1
74,<Save/Next>,BLANK,
75,Item       >,ChildPart2:,ASR-9902-4P-KIT-L=.ACTUAL.324.MSN/MSIT
76,Qty        :,QuantityP2:,1
77,<Save/Next>,BLANK,
78,UPARROW,UPARROW,
79,To LPN     :,C40,C40-8562031
80,Item       >,ChildPart1:,ASR-9902-2P-KIT=.ACTUAL.324.MSN/MSIT
81,Qty        :,QuantityP1:,1
82,<Save/Next>,BLANK,
83,Item       >,ChildPart2:,ASR-9902-4P-KIT-L=.ACTUAL.324.MSN/MSIT
84,Qty        :,QuantityP2:,1
85,<Save/Next>,BLANK,
86,FINISHED,,
87,SPLIT,,
