NUMBER,PROMPT,KEY,DATA
1,LPN      >,BLANK,
2,Job      >,Job,3926249
3,SN       >,SN1,FLM282509UZ
4,<Components>,BLANK,
5,SN       >,SN2,FLM282509UZ
6,<Next Assm>,BLANK,
7,SN       >,SN1,FLM28330AJC
8,<Components>,BLANK,
9,SN       >,SN2,FLM28330AJC
10,<Next Assm>,BLANK,
11,SN       >,SN1,FLM282604QX
12,<Components>,BLANK,
13,SN       >,SN2,FLM282604QX
14,<Next Assm>,BLANK,
15,SN       >,SN1,FLM2825061F
16,<Components>,BLANK,
17,SN       >,SN2,FLM2825061F
18,<Next Assm>,BLANK,
19,SN       >,SN1,FLM280206X2
20,<Components>,BLANK,
21,SN       >,SN2,FLM280206X2
22,<Next Assm>,BLANK,
23,SN       >,SN1,FLM283203S5
24,<Components>,BLANK,
25,SN       >,SN2,FLM283203S5
26,<Next Assm>,BLANK,
27,SN       >,SN1,FLM283302N1
28,<Components>,BLANK,
29,SN       >,SN2,FLM283302N1
30,<Next Assm>,BLANK,
31,SN       >,SN1,FLM28020FLT
32,<Components>,BLANK,
33,SN       >,SN2,FLM28020FLT
34,<Next Assm>,BLANK,
35,SN       >,SN1,FLM282003TU
36,<Components>,BLANK,
37,SN       >,SN2,FLM282003TU
38,<Next Assm>,BLANK,
39,SN       >,SN1,FLM282002UM
40,<Components>,BLANK,
41,SN       >,SN2,FLM282002UM
42,<Next Assm>,BLANK,
43,SN       >,SN1,FLM28020H1N
44,<Components>,BLANK,
45,SN       >,SN2,FLM28020H1N
46,<Next Assm>,BLANK,
47,SN       >,SN1,FLM274409PA
48,<Components>,BLANK,
49,SN       >,SN2,FLM274409PA
50,<Next Assm>,BLANK,
51,SN       >,SN1,FLM27520A6H
52,<Components>,BLANK,
53,SN       >,SN2,FLM27520A6H
54,<Next Assm>,BLANK,
55,SN       >,SN1,FLM28200298
56,<Components>,BLANK,
57,SN       >,SN2,FLM28200298
58,<Next Assm>,BLANK,
59,SN       >,SN1,FLM282402N9
60,<Components>,BLANK,
61,SN       >,SN2,FLM282402N9
62,<Next Assm>,BLANK,
63,SN       >,SN1,FLM281906G1
64,<Components>,BLANK,
65,SN       >,SN2,FLM281906G1
66,<Next Assm>,BLANK,
67,SN       >,SN1,FLM282402MV
68,<Components>,BLANK,
69,SN       >,SN2,FLM282402MV
70,<Next Assm>,BLANK,
71,SN       >,SN1,FLM28330BKG
72,<Components>,BLANK,
73,SN       >,SN2,FLM28330BKG
74,<Next Assm>,BLANK,
75,SN       >,SN1,FLM28030AQX
76,<Components>,BLANK,
77,SN       >,SN2,FLM28030AQX
78,<Next Assm>,BLANK,
79,SN       >,SN1,FLM2833076Q
80,<Components>,BLANK,
81,SN       >,SN2,FLM2833076Q
82,<Next Assm>,BLANK,
83,SN       >,SN1,FLM28240DJ1
84,<Components>,BLANK,
85,SN       >,SN2,FLM28240DJ1
86,<Next Assm>,BLANK,
87,SN       >,SN1,FLM2824099E
88,<Components>,BLANK,
89,SN       >,SN2,FLM2824099E
90,<Next Assm>,BLANK,
91,SN       >,SN1,FLM281906G5
92,<Components>,BLANK,
93,SN       >,SN2,FLM281906G5
94,<Next Assm>,BLANK,
95,SN       >,SN1,FLM28310JU2
96,<Components>,BLANK,
97,SN       >,SN2,FLM28310JU2
98,<Next Assm>,BLANK,
99,SN       >,SN1,FLM2750032K
100,<Components>,BLANK,
101,SN       >,SN2,FLM2750032K
102,<Next Assm>,BLANK,
103,SN       >,SN1,FLM27390HXS
104,<Components>,BLANK,
105,SN       >,SN2,FLM27390HXS
106,<Next Assm>,BLANK,
107,SN       >,SN1,FLM252302TA
108,<Components>,BLANK,
109,SN       >,SN2,FLM252302TA
110,<Next Assm>,BLANK,
111,SN       >,SN1,FLM264809GH
112,<Components>,BLANK,
113,SN       >,SN2,FLM264809GH
114,<Next Assm>,BLANK,
115,SN       >,SN1,FLM28020GYU
116,<Components>,BLANK,
117,SN       >,SN2,FLM28020GYU
118,<Next Assm>,BLANK,
119,SN       >,SN1,FLM28030APY
120,<Components>,BLANK,
121,SN       >,SN2,FLM28030APY
122,<Next Assm>,BLANK,
123,SN       >,SN1,FLM2739032W
124,<Components>,BLANK,
125,SN       >,SN2,FLM2739032W
126,<Next Assm>,BLANK,
127,SN       >,SN1,FLM28030CXV
128,<Components>,BLANK,
129,SN       >,SN2,FLM28030CXV
130,<Next Assm>,BLANK,
131,SN       >,SN1,FLM28310LT4
132,<Components>,BLANK,
133,SN       >,SN2,FLM28310LT4
134,<Next Assm>,BLANK,
135,SN       >,SN1,FLM282402PF
136,<Components>,BLANK,
137,SN       >,SN2,FLM282402PF
138,<Next Assm>,BLANK,
139,SN       >,SN1,FLM282506DB
140,<Components>,BLANK,
141,SN       >,SN2,FLM282506DB
142,<Next Assm>,BLANK,
143,SN       >,SN1,FLM2748040N
144,<Components>,BLANK,
145,SN       >,SN2,FLM2748040N
146,<Next Assm>,BLANK,
147,SN       >,SN1,FLM28310LNX
148,<Components>,BLANK,
149,SN       >,SN2,FLM28310LNX
150,<Next Assm>,BLANK,
151,SN       >,SN1,FLM28230DJZ
152,<Components>,BLANK,
153,SN       >,SN2,FLM28230DJZ
154,<Next Assm>,BLANK,
155,SN       >,SN1,FLM273006LJ
156,<Components>,BLANK,
157,SN       >,SN2,FLM273006LJ
158,<Next Assm>,BLANK,
159,SN       >,SN1,FLM28030G1N
160,<Components>,BLANK,
161,SN       >,SN2,FLM28030G1N
162,FINISHED,,
