NUMBER,PROMPT,KEY,DATA
1,LPN      >,BLANK,
2,Job      >,Job,3915867
3,SN       >,SN1,JPE19281295
4,<Components>,BLANK,
5,SN       >,SN2,JPE19281295
6,<Next Assm>,BLANK,
7,SN       >,SN1,SGD20420346
8,<Components>,BLANK,
9,SN       >,SN2,SGD20420346
10,<Next Assm>,BLANK,
11,SN       >,SN1,JPE19112134
12,<Components>,BLANK,
13,SN       >,SN2,JPE19112134
14,<Next Assm>,BLANK,
15,SN       >,SN1,SGD20420388
16,<Components>,BLANK,
17,SN       >,SN2,SGD20420388
18,<Next Assm>,BLANK,
19,SN       >,SN1,JPE19080466
20,<Components>,BLANK,
21,SN       >,SN2,JPE19080466
22,<Next Assm>,BLANK,
23,SN       >,SN1,JPE20430396
24,<Components>,BLANK,
25,SN       >,SN2,JPE20430396
26,<Next Assm>,BLANK,
27,SN       >,SN1,SGD20410335
28,<Components>,BLANK,
29,SN       >,SN2,SGD20410335
30,<Next Assm>,BLANK,
31,SN       >,SN1,SSJ19110818
32,<Components>,BLANK,
33,SN       >,SN2,SSJ19110818
34,<Next Assm>,BLANK,
35,SN       >,SN1,JPE19281301
36,<Components>,BLANK,
37,SN       >,SN2,JPE19281301
38,<Next Assm>,BLANK,
39,SN       >,SN1,SSJ19093402
40,<Components>,BLANK,
41,SN       >,SN2,SSJ19093402
42,<Next Assm>,BLANK,
43,SN       >,SN1,SGD20420646
44,<Components>,BLANK,
45,SN       >,SN2,SGD20420646
46,<Next Assm>,BLANK,
47,SN       >,SN1,SGD20442054
48,<Components>,BLANK,
49,SN       >,SN2,SGD20442054
50,<Next Assm>,BLANK,
51,SN       >,SN1,SGD20420239
52,<Components>,BLANK,
53,SN       >,SN2,SGD20420239
54,<Next Assm>,BLANK,
55,SN       >,SN1,SGD20420338
56,<Components>,BLANK,
57,SN       >,SN2,SGD20420338
58,<Next Assm>,BLANK,
59,SN       >,SN1,SSJ19110639
60,<Components>,BLANK,
61,SN       >,SN2,SSJ19110639
62,<Next Assm>,BLANK,
63,SN       >,SN1,JPE20382671
64,<Components>,BLANK,
65,SN       >,SN2,JPE20382671
66,<Next Assm>,BLANK,
67,SN       >,SN1,JPE20384546
68,<Components>,BLANK,
69,SN       >,SN2,JPE20384546
70,<Next Assm>,BLANK,
71,SN       >,SN1,JPE19111165
72,<Components>,BLANK,
73,SN       >,SN2,JPE19111165
74,<Next Assm>,BLANK,
75,SN       >,SN1,SGD20420627
76,<Components>,BLANK,
77,SN       >,SN2,SGD20420627
78,<Next Assm>,BLANK,
79,SN       >,SN1,JPE19281271
80,<Components>,BLANK,
81,SN       >,SN2,JPE19281271
82,<Next Assm>,BLANK,
83,SN       >,SN1,SSJ19102944
84,<Components>,BLANK,
85,SN       >,SN2,SSJ19102944
86,<Next Assm>,BLANK,
87,SN       >,SN1,JPE19281344
88,<Components>,BLANK,
89,SN       >,SN2,JPE19281344
90,<Next Assm>,BLANK,
91,SN       >,SN1,JPE19112111
92,<Components>,BLANK,
93,SN       >,SN2,JPE19112111
94,<Next Assm>,BLANK,
95,SN       >,SN1,SGD20410323
96,<Components>,BLANK,
97,SN       >,SN2,SGD20410323
98,<Next Assm>,BLANK,
99,SN       >,SN1,SGD20420706
100,<Components>,BLANK,
101,SN       >,SN2,SGD20420706
102,<Next Assm>,BLANK,
103,SN       >,SN1,SSJ19102991
104,<Components>,BLANK,
105,SN       >,SN2,SSJ19102991
106,<Next Assm>,BLANK,
107,SN       >,SN1,JPE20430443
108,<Components>,BLANK,
109,SN       >,SN2,JPE20430443
110,<Next Assm>,BLANK,
111,SN       >,SN1,JPE19281350
112,<Components>,BLANK,
113,SN       >,SN2,JPE19281350
114,<Next Assm>,BLANK,
115,SN       >,SN1,SSJ19121853
116,<Components>,BLANK,
117,SN       >,SN2,SSJ19121853
118,<Next Assm>,BLANK,
119,SN       >,SN1,JPE20430461
120,<Components>,BLANK,
121,SN       >,SN2,JPE20430461
122,<Next Assm>,BLANK,
123,SN       >,SN1,JPE19281352
124,<Components>,BLANK,
125,SN       >,SN2,JPE19281352
126,FINISHED,,
,L40-8541437,,
