NUMBER,PROMPT,KEY,DATA
1,LPN      >,BLANK,
2,Job      >,Job,3915876
3,SN       >,SN1,JPE19502699
4,<Components>,BLANK,
5,SN       >,SN2,JPE19502699
6,<Next Assm>,BLANK,
7,SN       >,SN1,SGD19503272
8,<Components>,BLANK,
9,SN       >,SN2,SGD19503272
10,<Next Assm>,BLANK,
11,SN       >,SN1,SGD19503255
12,<Components>,BLANK,
13,SN       >,SN2,SGD19503255
14,<Next Assm>,BLANK,
15,SN       >,SN1,JPE20394480
16,<Components>,BLANK,
17,SN       >,SN2,JPE20394480
18,<Next Assm>,BLANK,
19,SN       >,SN1,JPE20384541
20,<Components>,BLANK,
21,SN       >,SN2,JPE20384541
22,<Next Assm>,BLANK,
23,SN       >,SN1,JPE20430468
24,<Components>,BLANK,
25,SN       >,SN2,JPE20430468
26,<Next Assm>,BLANK,
27,SN       >,SN1,JPE20443024
28,<Components>,BLANK,
29,SN       >,SN2,JPE20443024
30,<Next Assm>,BLANK,
31,SN       >,SN1,JPE20430584
32,<Components>,BLANK,
33,SN       >,SN2,JPE20430584
34,<Next Assm>,BLANK,
35,SN       >,SN1,JPE20443001
36,<Components>,BLANK,
37,SN       >,SN2,JPE20443001
38,<Next Assm>,BLANK,
39,SN       >,SN1,JPE20393144
40,<Components>,BLANK,
41,SN       >,SN2,JPE20393144
42,<Next Assm>,BLANK,
43,SN       >,SN1,JPE20450960
44,<Components>,BLANK,
45,SN       >,SN2,JPE20450960
46,<Next Assm>,BLANK,
47,SN       >,SN1,JPE20394431
48,<Components>,BLANK,
49,SN       >,SN2,JPE20394431
50,<Next Assm>,BLANK,
51,SN       >,SN1,JPE20444111
52,<Components>,BLANK,
53,SN       >,SN2,JPE20444111
54,<Next Assm>,BLANK,
55,SN       >,SN1,JPE20383602
56,<Components>,BLANK,
57,SN       >,SN2,JPE20383602
58,<Next Assm>,BLANK,
59,SN       >,SN1,JPE20450975
60,<Components>,BLANK,
61,SN       >,SN2,JPE20450975
62,<Next Assm>,BLANK,
63,SN       >,SN1,JPE19502709
64,<Components>,BLANK,
65,SN       >,SN2,JPE19502709
66,<Next Assm>,BLANK,
67,SN       >,SN1,JPE19503558
68,<Components>,BLANK,
69,SN       >,SN2,JPE19503558
70,<Next Assm>,BLANK,
71,SN       >,SN1,SGD19503393
72,<Components>,BLANK,
73,SN       >,SN2,SGD19503393
74,<Next Assm>,BLANK,
75,SN       >,SN1,JPE19483668
76,<Components>,BLANK,
77,SN       >,SN2,JPE19483668
78,<Next Assm>,BLANK,
79,SN       >,SN1,JPE20443049
80,<Components>,BLANK,
81,SN       >,SN2,JPE20443049
82,<Next Assm>,BLANK,
83,SN       >,SN1,JPE20400014
84,<Components>,BLANK,
85,SN       >,SN2,JPE20400014
86,<Next Assm>,BLANK,
87,SN       >,SN1,JPE20384609
88,<Components>,BLANK,
89,SN       >,SN2,JPE20384609
90,<Next Assm>,BLANK,
91,SN       >,SN1,JPE20381259
92,<Components>,BLANK,
93,SN       >,SN2,JPE20381259
94,<Next Assm>,BLANK,
95,SN       >,SN1,JPE20384560
96,<Components>,BLANK,
97,SN       >,SN2,JPE20384560
98,<Next Assm>,BLANK,
99,SN       >,SN1,JPE20430419
100,<Components>,BLANK,
101,SN       >,SN2,JPE20430419
102,<Next Assm>,BLANK,
103,SN       >,SN1,JPE20443111
104,<Components>,BLANK,
105,SN       >,SN2,JPE20443111
106,<Next Assm>,BLANK,
107,SN       >,SN1,JPE19483667
108,<Components>,BLANK,
109,SN       >,SN2,JPE19483667
110,<Next Assm>,BLANK,
111,SN       >,SN1,JPE20400053
112,<Components>,BLANK,
113,SN       >,SN2,JPE20400053
114,<Next Assm>,BLANK,
115,SN       >,SN1,SGD19503414
116,<Components>,BLANK,
117,SN       >,SN2,SGD19503414
118,<Next Assm>,BLANK,
119,SN       >,SN1,SGD19503292
120,<Components>,BLANK,
121,SN       >,SN2,SGD19503292
122,<Next Assm>,BLANK,
123,SN       >,SN1,JPE19483572
124,<Components>,BLANK,
125,SN       >,SN2,JPE19483572
126,<Next Assm>,BLANK,
127,SN       >,SN1,SGD22350017
128,<Components>,BLANK,
129,SN       >,SN2,SGD22350017
130,FINISHED,,
