NUMBER,PROMPT,KEY,DATA
1,LPN      >,BLANK,
2,Job      >,Job,3915866
3,SN       >,SN1,JPE20382705
4,<Components>,BLANK,
5,SN       >,SN2,JPE20382705
6,<Next Assm>,BLANK,
7,SN       >,SN1,JPE20340059
8,<Components>,BLANK,
9,SN       >,SN2,JPE20340059
10,<Next Assm>,BLANK,
11,SN       >,SN1,JPE19112137
12,<Components>,BLANK,
13,SN       >,SN2,JPE19112137
14,<Next Assm>,BLANK,
15,SN       >,SN1,JPE19281312
16,<Components>,BLANK,
17,SN       >,SN2,JPE19281312
18,<Next Assm>,BLANK,
19,SN       >,SN1,SGD20410463
20,<Components>,BLANK,
21,SN       >,SN2,SGD20410463
22,<Next Assm>,BLANK,
23,SN       >,SN1,SGD20420641
24,<Components>,BLANK,
25,SN       >,SN2,SGD20420641
26,<Next Assm>,BLANK,
27,SN       >,SN1,JPE19281307
28,<Components>,BLANK,
29,SN       >,SN2,JPE19281307
30,<Next Assm>,BLANK,
31,SN       >,SN1,JPE20384556
32,<Components>,BLANK,
33,SN       >,SN2,JPE20384556
34,<Next Assm>,BLANK,
35,SN       >,SN1,JPE20384571
36,<Components>,BLANK,
37,SN       >,SN2,JPE20384571
38,<Next Assm>,BLANK,
39,SN       >,SN1,SSJ19110718
40,<Components>,BLANK,
41,SN       >,SN2,SSJ19110718
42,<Next Assm>,BLANK,
43,SN       >,SN1,SSJ19081099
44,<Components>,BLANK,
45,SN       >,SN2,SSJ19081099
46,<Next Assm>,BLANK,
47,SN       >,SN1,SGD20420639
48,<Components>,BLANK,
49,SN       >,SN2,SGD20420639
50,<Next Assm>,BLANK,
51,SN       >,SN1,SGD20420561
52,<Components>,BLANK,
53,SN       >,SN2,SGD20420561
54,<Next Assm>,BLANK,
55,SN       >,SN1,SSJ19110737
56,<Components>,BLANK,
57,SN       >,SN2,SSJ19110737
58,<Next Assm>,BLANK,
59,SN       >,SN1,SGD20410417
60,<Components>,BLANK,
61,SN       >,SN2,SGD20410417
62,<Next Assm>,BLANK,
63,SN       >,SN1,SGD20420701
64,<Components>,BLANK,
65,SN       >,SN2,SGD20420701
66,<Next Assm>,BLANK,
67,SN       >,SN1,SSJ19103005
68,<Components>,BLANK,
69,SN       >,SN2,SSJ19103005
70,<Next Assm>,BLANK,
71,SN       >,SN1,JPE19161923
72,<Components>,BLANK,
73,SN       >,SN2,JPE19161923
74,<Next Assm>,BLANK,
75,SN       >,SN1,JPE19281247
76,<Components>,BLANK,
77,SN       >,SN2,JPE19281247
78,<Next Assm>,BLANK,
79,SN       >,SN1,SSJ19110680
80,<Components>,BLANK,
81,SN       >,SN2,SSJ19110680
82,<Next Assm>,BLANK,
83,SN       >,SN1,SSJ19110604
84,<Components>,BLANK,
85,SN       >,SN2,SSJ19110604
86,<Next Assm>,BLANK,
87,SN       >,SN1,JPE20394392
88,<Components>,BLANK,
89,SN       >,SN2,JPE20394392
90,<Next Assm>,BLANK,
91,SN       >,SN1,JPE20442990
92,<Components>,BLANK,
93,SN       >,SN2,JPE20442990
94,<Next Assm>,BLANK,
95,SN       >,SN1,SSJ19100560
96,<Components>,BLANK,
97,SN       >,SN2,SSJ19100560
98,<Next Assm>,BLANK,
99,SN       >,SN1,SSJ19100564
100,<Components>,BLANK,
101,SN       >,SN2,SSJ19100564
102,<Next Assm>,BLANK,
103,SN       >,SN1,SGD20420314
104,<Components>,BLANK,
105,SN       >,SN2,SGD20420314
106,<Next Assm>,BLANK,
107,SN       >,SN1,SGD20420691
108,<Components>,BLANK,
109,SN       >,SN2,SGD20420691
110,<Next Assm>,BLANK,
111,SN       >,SN1,SGD20442152
112,<Components>,BLANK,
113,SN       >,SN2,SGD20442152
114,<Next Assm>,BLANK,
115,SN       >,SN1,SGD20441982
116,<Components>,BLANK,
117,SN       >,SN2,SGD20441982
118,<Next Assm>,BLANK,
119,SN       >,SN1,SSJ19100617
120,<Components>,BLANK,
121,SN       >,SN2,SSJ19100617
122,<Next Assm>,BLANK,
123,SN       >,SN1,JPE19112098
124,<Components>,BLANK,
125,SN       >,SN2,JPE19112098
126,<Next Assm>,BLANK,
127,SN       >,SN1,JPE19031955
128,<Components>,BLANK,
129,SN       >,SN2,JPE19031955
130,FINISHED,,
