NUMBER,PROMPT,KEY,DATA
1,LPN      >,BLANK-L40,
2,Job      >,JOB,3926256
3,SN       >,MasterSN,HSA18330050
4,<Components> ,BLANK,
5,SN       >,SupSN,SSJ16401660
6,<Next Component>,,
7,SN       >,MasterSN,HSA18330050
8,<Next Component>,BLANK,
9,SN       >,FMSN,"SSJ18380219, SSJ18380480, SSJ18380220, SSJ18380534, SSJ18380558, SSJ18380157"
10,<Next Assm>,BLANK,
11,SN       >,MasterSN,HSH18525018
12,<Components> ,BLANK,
13,SN       >,SupSN,JPE18451126
14,<Next Component>,,
15,SN       >,MasterSN,HSH18525018
16,<Next Component>,BLANK,
17,SN       >,FMSN,"JPE18524427, JPE18524342, JPE19010785, JPE18524565, JPE18522940, JPE19010822"
18,<Next Assm>,BLANK,
19,SN       >,MasterSN,TMO20055966
20,<Components> ,BLANK,
21,SN       >,SupSN,JPE20170643
22,<Next Component>,,
23,SN       >,MasterSN,TMO20055966
24,<Next Component>,BLANK,
25,SN       >,FMSN,"SGD20257120, JPE20110368, JPE20110436, JPE20110267, JPE20110395, JPE20110349"
26,<Next Assm>,BLANK,
27,SN       >,MasterSN,TMO19474602
28,<Components> ,BLANK,
29,SN       >,SupSN,JPE19462451
30,<Next Component>,,
31,SN       >,MasterSN,TMO19474602
32,<Next Component>,BLANK,
33,SN       >,FMSN,"SGD19470838, SGD19470791, SGD19471019, SGD19470857, SGD19470900, SGD19491712"
34,<Next Assm>,BLANK,
35,SN       >,MasterSN,TMO19484886
36,<Components> ,BLANK,
37,SN       >,SupSN,JPE19462511
38,<Next Component>,,
39,SN       >,MasterSN,TMO19484886
40,<Next Component>,BLANK,
41,SN       >,FMSN,"SGD20010768, SGD20010528, SGD20010349, SGD20010474, SGD20010825, SGD20010639"
42,<Next Assm>,BLANK,
43,SN       >,MasterSN,TMO20065990
44,<Components> ,BLANK,
45,SN       >,SupSN,JPE20170597
46,<Next Component>,,
47,SN       >,MasterSN,TMO20065990
48,<Next Component>,BLANK,
49,SN       >,FMSN,"JPE19527229, JPE19527279, JPE19527301, JPE19520565, JPE19527293, JPE19515271"
50,<Next Assm>,BLANK,
51,SN       >,MasterSN,TMO20065972
52,<Components> ,BLANK,
53,SN       >,SupSN,JPE20100303
54,<Next Component>,,
55,SN       >,MasterSN,TMO20065972
56,<Next Component>,BLANK,
57,SN       >,FMSN,"JPE19515193, JPE19520560, JPE19523684, JPE19522000, JPE19522032, JPE19523675"
58,<Next Assm>,BLANK,
59,SN       >,MasterSN,TMO20065986
60,<Components> ,BLANK,
61,SN       >,SupSN,JPE20170700
62,<Next Component>,,
63,SN       >,MasterSN,TMO20065986
64,<Next Component>,BLANK,
65,SN       >,FMSN,"JPE19520427, JPE19527207, JPE19527191, JPE19527200, JPE19527228, JPE19527235"
66,FINISHED,,
67,WIP,,
