NUMBER,PROMPT,KEY,DATA
1,LPN      >,BLANK,
2,Job      >,Job,3926255
3,SN       >,SN1,FLM2739078Y
4,<Components>,BLANK,
5,SN       >,SN2,FLM2739078Y
6,<Next Assm>,BLANK,
7,SN       >,SN1,FLM2739000G
8,<Components>,BLANK,
9,SN       >,SN2,FLM2739000G
10,<Next Assm>,BLANK,
11,SN       >,SN1,FLM2707073D
12,<Components>,BLANK,
13,SN       >,SN2,FLM2707073D
14,<Next Assm>,BLANK,
15,SN       >,SN1,FLM2707077R
16,<Components>,BLANK,
17,SN       >,SN2,FLM2707077R
18,<Next Assm>,BLANK,
19,SN       >,SN1,FLM273904W8
20,<Components>,BLANK,
21,SN       >,SN2,FLM273904W8
22,<Next Assm>,BLANK,
23,SN       >,SN1,FLM2739037A
24,<Components>,BLANK,
25,SN       >,SN2,FLM2739037A
26,<Next Assm>,BLANK,
27,SN       >,SN1,FLM273904NU
28,<Components>,BLANK,
29,SN       >,SN2,FLM273904NU
30,<Next Assm>,BLANK,
31,SN       >,SN1,.FLM273901BK
32,<Components>,BLANK,
33,SN       >,SN2,.FLM273901BK
34,<Next Assm>,BLANK,
35,SN       >,SN1,FLM2739014C
36,<Components>,BLANK,
37,SN       >,SN2,FLM2739014C
38,<Next Assm>,BLANK,
39,SN       >,SN1,FLM27390251
40,<Components>,BLANK,
41,SN       >,SN2,FLM27390251
42,<Next Assm>,BLANK,
43,SN       >,SN1,FLM29030BB2
44,<Components>,BLANK,
45,SN       >,SN2,FLM29030BB2
46,<Next Assm>,BLANK,
47,SN       >,SN1,FLM2803088A
48,<Components>,BLANK,
49,SN       >,SN2,FLM2803088A
50,<Next Assm>,BLANK,
51,SN       >,SN1,0FLM280305XR
52,<Components>,BLANK,
53,SN       >,SN2,0FLM280305XR
54,<Next Assm>,BLANK,
55,SN       >,SN1,FLM26400GRK
56,<Components>,BLANK,
57,SN       >,SN2,FLM26400GRK
58,<Next Assm>,BLANK,
59,SN       >,SN1,FLM290502SN
60,<Components>,BLANK,
61,SN       >,SN2,FLM290502SN
62,<Next Assm>,BLANK,
63,SN       >,SN1,FLM29030BAR
64,<Components>,BLANK,
65,SN       >,SN2,FLM29030BAR
66,<Next Assm>,BLANK,
67,SN       >,SN1,FLM264808LG
68,<Components>,BLANK,
69,SN       >,SN2,FLM264808LG
70,<Next Assm>,BLANK,
71,SN       >,SN1,FLM290201MK
72,<Components>,BLANK,
73,SN       >,SN2,FLM290201MK
74,<Next Assm>,BLANK,
75,SN       >,SN1,FLM280309QQ
76,<Components>,BLANK,
77,SN       >,SN2,FLM280309QQ
78,<Next Assm>,BLANK,
79,SN       >,SN1,FLM27400083
80,<Components>,BLANK,
81,SN       >,SN2,FLM27400083
82,<Next Assm>,BLANK,
83,SN       >,SN1,FLM285207YL
84,<Components>,BLANK,
85,SN       >,SN2,FLM285207YL
86,<Next Assm>,BLANK,
87,SN       >,SN1,FLM29040YLY
88,<Components>,BLANK,
89,SN       >,SN2,FLM29040YLY
90,<Next Assm>,BLANK,
91,SN       >,SN1,FLM28020JMN
92,<Components>,BLANK,
93,SN       >,SN2,FLM28020JMN
94,<Next Assm>,BLANK,
95,SN       >,SN1,FLM29020KBF
96,<Components>,BLANK,
97,SN       >,SN2,FLM29020KBF
98,<Next Assm>,BLANK,
99,SN       >,SN1,FLM28460CEX
100,<Components>,BLANK,
101,SN       >,SN2,FLM28460CEX
102,<Next Assm>,BLANK,
103,SN       >,SN1,FLM264107DW
104,<Components>,BLANK,
105,SN       >,SN2,FLM264107DW
106,<Next Assm>,BLANK,
107,SN       >,SN1,FLM27060DW8
108,<Components>,BLANK,
109,SN       >,SN2,FLM27060DW8
110,<Next Assm>,BLANK,
111,SN       >,SN1,FLM290303LJ
112,<Components>,BLANK,
113,SN       >,SN2,FLM290303LJ
114,<Next Assm>,BLANK,
115,SN       >,SN1,FLM273907DD
116,<Components>,BLANK,
117,SN       >,SN2,FLM273907DD
118,<Next Assm>,BLANK,
119,SN       >,SN1,FLM27380JHG
120,<Components>,BLANK,
121,SN       >,SN2,FLM27380JHG
122,<Next Assm>,BLANK,
123,SN       >,SN1,FLM27390146
124,<Components>,BLANK,
125,SN       >,SN2,FLM27390146
126,<Next Assm>,BLANK,
127,SN       >,SN1,FLM273904NS
128,<Components>,BLANK,
129,SN       >,SN2,FLM273904NS
130,<Next Assm>,BLANK,
131,SN       >,SN1,FLM270404M8
132,<Components>,BLANK,
133,SN       >,SN2,FLM270404M8
134,<Next Assm>,BLANK,
135,SN       >,SN1,FLM28460F63
136,<Components>,BLANK,
137,SN       >,SN2,FLM28460F63
138,<Next Assm>,BLANK,
139,SN       >,SN1,FLM27390004
140,<Components>,BLANK,
141,SN       >,SN2,FLM27390004
142,<Next Assm>,BLANK,
143,SN       >,SN1,FLM273906T9
144,<Components>,BLANK,
145,SN       >,SN2,FLM273906T9
146,<Next Assm>,BLANK,
147,SN       >,SN1,FLM2739014B
148,<Components>,BLANK,
149,SN       >,SN2,FLM2739014B
150,<Next Assm>,BLANK,
151,SN       >,SN1,FLM273904WQ
152,<Components>,BLANK,
153,SN       >,SN2,FLM273904WQ
154,<Next Assm>,BLANK,
155,SN       >,SN1,FLM27380JGK
156,<Components>,BLANK,
157,SN       >,SN2,FLM27380JGK
158,FINISHED,,
159,WIP,,
