NUMBER,PROMPT,KEY,DATA
1,LPN      >,BLANK-L40,
2,Job      >,JOB,12222222
3,SN       >,MasterSN,TMO20015508
4,<Components> ,BLANK,
5,SN       >,SupSN,JPE19462398
6,<Next Component>,,
7,SN       >,MasterSN,TMO20015508
8,<Next Component>,BLANK,
9,SN       >,FMSN,"SGD19491690, SGD19460174, SGD20010425, SGD20010650, SGD20010720, SGD20010340"
10,<Next Assm>,BLANK,
11,SN       >,MasterSN,TMO19464416
12,<Components> ,BLANK,
13,SN       >,SupSN,JPE19462530
14,<Next Component>,,
15,SN       >,MasterSN,TMO19464416
16,<Next Component>,BLANK,
17,SN       >,FMSN,"JPE19483963, JPE19462017, JPE19473816, JPE19482679, JPE19483859, JPE19484098"
18,<Next Assm>,BLANK,
19,SN       >,MasterSN,TMO20126730
20,<Components> ,BLANK,
21,SN       >,SupSN,JPE20072098
22,<Next Component>,,
23,SN       >,MasterSN,TMO20126730
24,<Next Component>,BLANK,
25,SN       >,FMSN,"SGD20211665, SGD20211606, SGD20211833, SGD20211734, SGD20211866, SGD20211577"
26,<Next Assm>,BLANK,
27,SN       >,MasterSN,TMO19484890
28,<Components> ,BLANK,
29,SN       >,SupSN,JPE19511012
30,<Next Component>,,
31,SN       >,MasterSN,TMO19484890
32,<Next Component>,BLANK,
33,SN       >,FMSN,"JPE19522749, JPE19520526, JPE19516093, JPE19515196, JPE19504136, JPE19515305"
34,<Next Assm>,BLANK,
35,SN       >,MasterSN,TMO19474732
36,<Components> ,BLANK,
37,SN       >,SupSN,JPE19462561
38,<Next Component>,,
39,SN       >,MasterSN,TMO19474732
40,<Next Component>,BLANK,
41,SN       >,FMSN,"SGD19471049, JPE19483897, SGD19460255, JPE19473007, SGD19470828, JPE19482801"
42,<Next Assm>,BLANK,
43,SN       >,MasterSN,TMO19474618
44,<Components> ,BLANK,
45,SN       >,SupSN,JPE19462504
46,<Next Component>,,
47,SN       >,MasterSN,TMO19474618
48,<Next Component>,BLANK,
49,SN       >,FMSN,"JPE19472863, JPE19472860, JPE19472797, JPE19472914, JPE19472850, JPE19473025"
50,<Next Assm>,BLANK,
51,SN       >,MasterSN,TMO20055896
52,<Components> ,BLANK,
53,SN       >,SupSN,JPE20170575
54,<Next Component>,,
55,SN       >,MasterSN,TMO20055896
56,<Next Component>,BLANK,
57,SN       >,FMSN,"JPE20102607, JPE20110225, JPE20110434, JPE20110145, JPE20110121, SGD20010722"
58,<Next Assm>,BLANK,
59,SN       >,MasterSN,TMO19474792
60,<Components> ,BLANK,
61,SN       >,SupSN,JPE19462499
62,<Next Component>,,
63,SN       >,MasterSN,TMO19474792
64,<Next Component>,BLANK,
65,SN       >,FMSN,"JPE19472903, JPE19483914, JPE19484039, JPE19472966, JPE19484059, JPE19472963"
66,FINISHED,,
66,WIP,,
