NUMBER,PROMPT,KEY,DATA
1,Item             >,Item,8102-64H-O
2,SEND,BLANK,1
3,Serial #         :,SN,FLM27410ETE
4,Number of Labels :,QTY,1
5,<Done>,BLANK,
6,Item             >,Item,8102-64H-O
7,SEND,BLANK,1
8,Serial #         :,SN,FLM27410EUF
9,Number of Labels :,QTY,1
10,<Done>,BLANK,
11,Item             >,Item,8102-64H-O
12,SEND,BLANK,1
13,Serial #         :,SN,FLM290109V9
14,Number of Labels :,QTY,1
15,<Done>,BLANK,
16,Item             >,Item,8102-64H-O
17,SEND,BLANK,1
18,Serial #         :,SN,FLM290104FN
19,Number of Labels :,QTY,1
20,<Done>,BLANK,
21,Item             >,Item,8102-64H-O
22,SEND,BLANK,1
23,Serial #         :,SN,FLM290109WT
24,Number of Labels :,QTY,1
25,<Done>,BLANK,
26,Item             >,Item,8102-64H-O
27,SEND,BLANK,1
28,Serial #         :,SN,FLM290107QM
29,Number of Labels :,QTY,1
30,<Done>,BLANK,
31,Item             >,Item,8102-64H-O
32,SEND,BLANK,1
33,Serial #         :,SN,FLM26490DWH
34,Number of Labels :,QTY,1
35,<Done>,BLANK,
36,Item             >,Item,8102-64H-O
37,SEND,BLANK,1
38,Serial #         :,SN,FLM29030HLQ
39,Number of Labels :,QTY,1
40,<Done>,BLANK,
41,Item             >,Item,8102-64H-O
42,SEND,BLANK,1
43,Serial #         :,SN,FLM29030D57
44,Number of Labels :,QTY,1
45,<Done>,BLANK,
46,Item             >,Item,8102-64H-O
47,SEND,BLANK,1
48,Serial #         :,SN,FLM290103DV
49,Number of Labels :,QTY,1
50,<Done>,BLANK,
51,Item             >,Item,8102-64H-O
52,SEND,BLANK,1
53,Serial #         :,SN,FLM29020S2U
54,Number of Labels :,QTY,1
55,<Done>,BLANK,
56,Item             >,Item,8102-64H-O
57,SEND,BLANK,1
58,Serial #         :,SN,FLM29020FVG
59,Number of Labels :,QTY,1
60,<Done>,BLANK,
61,Item             >,Item,8102-64H-O
62,SEND,BLANK,1
63,Serial #         :,SN,FLM29020PH4
64,Number of Labels :,QTY,1
65,<Done>,BLANK,
66,Item             >,Item,8102-64H-O
67,SEND,BLANK,1
68,Serial #         :,SN,FLM29020MMY
69,Number of Labels :,QTY,1
70,<Done>,BLANK,
71,Item             >,Item,8102-64H-O
72,SEND,BLANK,1
73,Serial #         :,SN,FLM29030D55
74,Number of Labels :,QTY,1
75,<Done>,BLANK,
76,Item             >,Item,8102-64H-O
77,SEND,BLANK,1
78,Serial #         :,SN,FLM29020FVU
79,Number of Labels :,QTY,1
80,<Done>,BLANK,
81,Item             >,Item,8102-64H-O
82,SEND,BLANK,1
83,Serial #         :,SN,FLM28450FT1
84,Number of Labels :,QTY,1
85,<Done>,BLANK,
86,Item             >,Item,8102-64H-O
87,SEND,BLANK,1
88,Serial #         :,SN,FLM29020JXZ
89,Number of Labels :,QTY,1
90,<Done>,BLANK,
91,Item             >,Item,8102-64H-O
92,SEND,BLANK,1
93,Serial #         :,SN,FLM290204XY
94,Number of Labels :,QTY,1
95,<Done>,BLANK,
96,Item             >,Item,8102-64H-O
97,SEND,BLANK,1
98,Serial #         :,SN,FLM29030D4Q
99,Number of Labels :,QTY,1
100,<Done>,BLANK,
101,Item             >,Item,8102-64H-O
102,SEND,BLANK,1
103,Serial #         :,SN,FLM273002EH
104,Number of Labels :,QTY,1
105,<Done>,BLANK,
106,Item             >,Item,8102-64H-O
107,SEND,BLANK,1
108,Serial #         :,SN,FLM27050GKS
109,Number of Labels :,QTY,1
110,<Done>,BLANK,
111,Item             >,Item,8102-64H-O
112,SEND,BLANK,1
113,Serial #         :,SN,FLM27030FQP
114,Number of Labels :,QTY,1
115,<Done>,BLANK,
116,Item             >,Item,8102-64H-O
117,SEND,BLANK,1
118,Serial #         :,SN,FLM28520860
119,Number of Labels :,QTY,1
120,<Done>,BLANK,
121,Item             >,Item,8102-64H-O
122,SEND,BLANK,1
123,Serial #         :,SN,FLM29020S6Y
124,Number of Labels :,QTY,1
125,<Done>,BLANK,
126,Item             >,Item,8102-64H-O
127,SEND,BLANK,1
128,Serial #         :,SN,FLM2730029J
129,Number of Labels :,QTY,1
130,<Done>,BLANK,
131,Item             >,Item,8102-64H-O
132,SEND,BLANK,1
133,Serial #         :,SN,FLM27500332
134,Number of Labels :,QTY,1
135,<Done>,BLANK,
136,Item             >,Item,8102-64H-O
137,SEND,BLANK,1
138,Serial #         :,SN,FLM275006PQ
139,Number of Labels :,QTY,1
140,<Done>,BLANK,
141,Item             >,Item,8102-64H-O
142,SEND,BLANK,1
143,Serial #         :,SN,FLM284607X5
144,Number of Labels :,QTY,1
145,<Done>,BLANK,
146,Item             >,Item,8102-64H-O
147,SEND,BLANK,1
148,Serial #         :,SN,FLM29030HLS
149,Number of Labels :,QTY,1
150,<Done>,BLANK,
151,Item             >,Item,8102-64H-O
152,SEND,BLANK,1
153,Serial #         :,SN,FLM27280003
154,Number of Labels :,QTY,1
155,<Done>,BLANK,
156,Item             >,Item,8102-64H-O
157,SEND,BLANK,1
158,Serial #         :,SN,FLM275107ZX
159,Number of Labels :,QTY,1
160,<Done>,BLANK,
161,Item             >,Item,8102-64H-O
162,SEND,BLANK,1
163,Serial #         :,SN,FLM29030D3H
164,Number of Labels :,QTY,1
165,<Done>,BLANK,
166,Item             >,Item,8102-64H-O
167,SEND,BLANK,1
168,Serial #         :,SN,FLM29020C6L
169,Number of Labels :,QTY,1
170,<Done>,BLANK,
171,Item             >,Item,8102-64H-O
172,SEND,BLANK,1
173,Serial #         :,SN,FLM28490Q65
174,Number of Labels :,QTY,1
175,<Done>,BLANK,
176,Item             >,Item,8102-64H-O
177,SEND,BLANK,1
178,Serial #         :,SN,FLM27350415
179,Number of Labels :,QTY,1
180,<Done>,BLANK,
181,Item             >,Item,8102-64H-O
182,SEND,BLANK,1
183,Serial #         :,SN,FLM272909QT
184,Number of Labels :,QTY,1
185,<Done>,BLANK,
186,Item             >,Item,8102-64H-O
187,SEND,BLANK,1
188,Serial #         :,SN,FLM273002CM
189,Number of Labels :,QTY,1
190,<Done>,BLANK,
191,Item             >,Item,8102-64H-O
192,SEND,BLANK,1
193,Serial #         :,SN,FLM273001YB
194,Number of Labels :,QTY,1
195,<Done>,BLANK,
196,FINISHED,,
197,ASSETLABELS,,
