NUMBER,PROMPT,KEY,DATA
1,LPN          >,LPN,L40-MO154386964-001-7830
2,To Loc       >,LOC,MSFWIP
3,<Done>,BLANK,
4,LPN          >,LPN,L40-MO154386964-003-7830
5,To Loc       >,LOC,MSFWIP
6,<Done>,BLANK,
7,LPN          >,LPN,L40-MO154386964-004-7830
8,To Loc       >,LOC,MSFWIP
9,<Done>,BLANK,
10,LPN          >,LPN,L40-MO154386964-005-7830
11,To Loc       >,LOC,MSFWIP
12,<Done>,BLANK,
13,LPN          >,LPN,L40-MO154386964-001-8528
14,To Loc       >,LOC,MSFWIP
15,<Done>,BLANK,
16,LPN          >,LPN,L40-MO155109920-001-5689
17,To Loc       >,LOC,MSFWIP
18,<Done>,BLANK,
19,LPN          >,LPN,L40-MO155109920-002-5689
20,To Loc       >,LOC,MSFWIP
21,<Done>,BLANK,
22,LPN          >,LPN,L40-MO155109920-003-5689
23,To Loc       >,LOC,MSFWIP
24,<Done>,BLANK,
25,FINISHED,,
