NUMBER,PROMPT,KEY,DATA
1,LPN      >,BLANK,
2,Job      >,Job,3926254
3,SN       >,SN1,FLM2650097E
4,<Components>,BLANK,
5,SN       >,SN2,FLM2650097E
6,<Next Assm>,BLANK,
7,SN       >,SN1,FLM26500KLA
8,<Components>,BLANK,
9,SN       >,SN2,FLM26500KLA
10,<Next Assm>,BLANK,
11,SN       >,SN1,FLM273906BR
12,<Components>,BLANK,
13,SN       >,SN2,FLM273906BR
14,<Next Assm>,BLANK,
15,SN       >,SN1,FLM27180005
16,<Components>,BLANK,
17,SN       >,SN2,FLM27180005
18,<Next Assm>,BLANK,
19,SN       >,SN1,FLM27390J2N
20,<Components>,BLANK,
21,SN       >,SN2,FLM27390J2N
22,<Next Assm>,BLANK,
23,SN       >,SN1,FLM26500N8Z
24,<Components>,BLANK,
25,SN       >,SN2,FLM26500N8Z
26,<Next Assm>,BLANK,
27,SN       >,SN1,FLM27030696
28,<Components>,BLANK,
29,SN       >,SN2,FLM27030696
30,<Next Assm>,BLANK,
31,SN       >,SN1,FLM265102W2
32,<Components>,BLANK,
33,SN       >,SN2,FLM265102W2
34,<Next Assm>,BLANK,
35,SN       >,SN1,FLM270806YN
36,<Components>,BLANK,
37,SN       >,SN2,FLM270806YN
38,<Next Assm>,BLANK,
39,SN       >,SN1,FLM27060DWK
40,<Components>,BLANK,
41,SN       >,SN2,FLM27060DWK
42,<Next Assm>,BLANK,
43,SN       >,SN1,FLM29030HU5
44,<Components>,BLANK,
45,SN       >,SN2,FLM29030HU5
46,<Next Assm>,BLANK,
47,SN       >,SN1,FLM29030L1R
48,<Components>,BLANK,
49,SN       >,SN2,FLM29030L1R
50,<Next Assm>,BLANK,
51,SN       >,SN1,FLM29030L1X
52,<Components>,BLANK,
53,SN       >,SN2,FLM29030L1X
54,<Next Assm>,BLANK,
55,SN       >,SN1,FLM270700TG
56,<Components>,BLANK,
57,SN       >,SN2,FLM270700TG
58,<Next Assm>,BLANK,
59,SN       >,SN1,FLM27060BUJ
60,<Components>,BLANK,
61,SN       >,SN2,FLM27060BUJ
62,<Next Assm>,BLANK,
63,SN       >,SN1,FLM273907D1
64,<Components>,BLANK,
65,SN       >,SN2,FLM273907D1
66,<Next Assm>,BLANK,
67,SN       >,SN1,FLM290103DU
68,<Components>,BLANK,
69,SN       >,SN2,FLM290103DU
70,<Next Assm>,BLANK,
71,SN       >,SN1,FLM285205U1
72,<Components>,BLANK,
73,SN       >,SN2,FLM285205U1
74,<Next Assm>,BLANK,
75,SN       >,SN1,FLM270405UG
76,<Components>,BLANK,
77,SN       >,SN2,FLM270405UG
78,<Next Assm>,BLANK,
79,SN       >,SN1,FLM273904WC
80,<Components>,BLANK,
81,SN       >,SN2,FLM273904WC
82,<Next Assm>,BLANK,
83,SN       >,SN1,FLM27390HY0
84,<Components>,BLANK,
85,SN       >,SN2,FLM27390HY0
86,<Next Assm>,BLANK,
87,SN       >,SN1,FLM27390AAW
88,<Components>,BLANK,
89,SN       >,SN2,FLM27390AAW
90,<Next Assm>,BLANK,
91,SN       >,SN1,FLM27030FLD
92,<Components>,BLANK,
93,SN       >,SN2,FLM27030FLD
94,<Next Assm>,BLANK,
95,SN       >,SN1,FLM285009VD
96,<Components>,BLANK,
97,SN       >,SN2,FLM285009VD
98,<Next Assm>,BLANK,
99,SN       >,SN1,FLM284601QR
100,<Components>,BLANK,
101,SN       >,SN2,FLM284601QR
102,<Next Assm>,BLANK,
103,SN       >,SN1,FLM285205TK
104,<Components>,BLANK,
105,SN       >,SN2,FLM285205TK
106,<Next Assm>,BLANK,
107,SN       >,SN1,FLM265204SH
108,<Components>,BLANK,
109,SN       >,SN2,FLM265204SH
110,<Next Assm>,BLANK,
111,SN       >,SN1,FLM2705057V
112,<Components>,BLANK,
113,SN       >,SN2,FLM2705057V
114,<Next Assm>,BLANK,
115,SN       >,SN1,FLM2739078R
116,<Components>,BLANK,
117,SN       >,SN2,FLM2739078R
118,<Next Assm>,BLANK,
119,SN       >,SN1,FLM26480CQ2
120,<Components>,BLANK,
121,SN       >,SN2,FLM26480CQ2
122,<Next Assm>,BLANK,
123,SN       >,SN1,FLM264903W2
124,<Components>,BLANK,
125,SN       >,SN2,FLM264903W2
126,<Next Assm>,BLANK,
127,SN       >,SN1,FLM27030981
128,<Components>,BLANK,
129,SN       >,SN2,FLM27030981
130,<Next Assm>,BLANK,
131,SN       >,SN1,FLM26480BUY
132,<Components>,BLANK,
133,SN       >,SN2,FLM26480BUY
134,<Next Assm>,BLANK,
135,SN       >,SN1,FLM270405V5
136,<Components>,BLANK,
137,SN       >,SN2,FLM270405V5
138,<Next Assm>,BLANK,
139,SN       >,SN1,FLM270401Y7
140,<Components>,BLANK,
141,SN       >,SN2,FLM270401Y7
142,<Next Assm>,BLANK,
143,SN       >,SN1,FLM27030FDF
144,<Components>,BLANK,
145,SN       >,SN2,FLM27030FDF
146,<Next Assm>,BLANK,
147,SN       >,SN1,FLM2706078F
148,<Components>,BLANK,
149,SN       >,SN2,FLM2706078F
150,<Next Assm>,BLANK,
151,SN       >,SN1,FLM27290BYG
152,<Components>,BLANK,
153,SN       >,SN2,FLM27290BYG
154,FINISHED,,
155,WIP,,
