NUMBER,PROMPT,KEY,DATA
1,LPN          >,LPN,BTS40-8736599
2,To Loc       >,LOC,ZL3RUBTS05
3,<Done>,BLANK,
4,LPN          >,LPN,BTS40-8736598
5,To Loc       >,LOC,ZL3RUBTS04
6,<Done>,BLANK,
7,LPN          >,LPN,BTS40-8736597
8,To Loc       >,LOC,ZL3RUBTS03
9,<Done>,BLANK,
10,LPN          >,LPN,BTS40-8736596
11,To Loc       >,LOC,ZL3RUBTS02
12,<Done>,BLANK,
13,LPN          >,LPN,BTS40-8736595
14,To Loc       >,LOC,ZL3RUBTS01
15,<Done>,BLANK,
16,LPN          >,LPN,BTS40-8736594
17,To Loc       >,LOC,ZL3RUBTS10
18,<Done>,BLANK,
19,LPN          >,LPN,BTS40-8736593
20,To Loc       >,LOC,ZL3RUBTS09
21,<Done>,BLANK,
22,LPN          >,LPN,BTS40-8736592
23,To Loc       >,LOC,ZL3RUBTS08
24,<Done>,BLANK,
25,FINISHED,,
26,SUBTRANSFER,,
