NUMBER,PROMPT,KEY,DATA
1,From LPN  :,ChildLPN,C40-1
2,To LPN    :,C40,C40-2
3,Locator   :,BLANK,
4,Item      :,ChildPart,Linecard1
5,Quantity  :,ChildQty,2
6,<Done>,BLANK,
7,From LPN  :,ChildLPN,C40-3
8,To LPN    :,C40,C40-4
9,Locator   :,BLANK,
10,Item      :,ChildPart,Linecard1
11,Quantity  :,ChildQty,1
12,<Done>,BLANK,
13,From LPN  :,ChildLPN,
14,To LPN    :,C40,C40-5
15,Locator   :,BLANK,
16,Item      :,ChildPart,Linecard2
17,Quantity  :,ChildQty,1
18,<Done>,BLANK,
19,From LPN  :,ChildLPN,C40-1
20,To LPN    :,C40,C40-2
21,Locator   :,BLANK,
22,Item      :,ChildPart,Linecard2
23,Quantity  :,ChildQty,2
24,<Done>,BLANK,
25,From LPN  :,ChildLPN,C40-1
26,To LPN    :,C40,C40-3
27,Locator   :,BLANK,
28,Item      :,ChildPart,Linecard2
29,Quantity  :,ChildQty,2
30,<Done>,BLANK,
31,From LPN  :,ChildLPN,C40-1
32,To LPN    :,C40,C40-4
33,Locator   :,BLANK,
34,Item      :,ChildPart,Linecard2
35,Quantity  :,ChildQty,2
36,<Done>,BLANK,
37,From LPN  :,ChildLPN,C40-1
38,To LPN    :,C40,C40-5
39,Locator   :,BLANK,
40,Item      :,ChildPart,Linecard2
41,Quantity  :,ChildQty,2
42,<Done>,BLANK,
43,FINISHED,,
44,REPACK,,
