NUMBER,PROMPT,KEY,DATA
1,Item             >,Item,MSF-061361
2,Serial #         :,SN,FLM282509UZ
3,Number of Labels :,QTY,1
4,<Done>,BLANK,
5,Item             >,Item,MSF-061361
6,Serial #         :,SN,FLM28330AJC
7,Number of Labels :,QTY,1
8,<Done>,BLANK,
9,Item             >,Item,MSF-061361
10,Serial #         :,SN,FLM282604QX
11,Number of Labels :,QTY,1
12,<Done>,BLANK,
13,Item             >,Item,MSF-061361
14,Serial #         :,SN,FLM2825061F
15,Number of Labels :,QTY,1
16,<Done>,BLANK,
17,Item             >,Item,MSF-061361
18,Serial #         :,SN,FLM280206X2
19,Number of Labels :,QTY,1
20,<Done>,BLANK,
21,Item             >,Item,MSF-061361
22,Serial #         :,SN,FLM283203S5
23,Number of Labels :,QTY,1
24,<Done>,BLANK,
25,Item             >,Item,MSF-061361
26,Serial #         :,SN,FLM283302N1
27,Number of Labels :,QTY,1
28,<Done>,BLANK,
29,Item             >,Item,MSF-061361
30,Serial #         :,SN,FLM28020FLT
31,Number of Labels :,QTY,1
32,<Done>,BLANK,
33,Item             >,Item,MSF-061361
34,Serial #         :,SN,FLM282003TU
35,Number of Labels :,QTY,1
36,<Done>,BLANK,
37,Item             >,Item,MSF-061361
38,Serial #         :,SN,FLM282002UM
39,Number of Labels :,QTY,1
40,<Done>,BLANK,
41,Item             >,Item,MSF-061361
42,Serial #         :,SN,FLM28020H1N
43,Number of Labels :,QTY,1
44,<Done>,BLANK,
45,Item             >,Item,MSF-061361
46,Serial #         :,SN,FLM274409PA
47,Number of Labels :,QTY,1
48,<Done>,BLANK,
49,Item             >,Item,MSF-061361
50,Serial #         :,SN,FLM27520A6H
51,Number of Labels :,QTY,1
52,<Done>,BLANK,
53,Item             >,Item,MSF-061361
54,Serial #         :,SN,FLM28200298
55,Number of Labels :,QTY,1
56,<Done>,BLANK,
57,Item             >,Item,MSF-061361
58,Serial #         :,SN,FLM282402N9
59,Number of Labels :,QTY,1
60,<Done>,BLANK,
61,Item             >,Item,MSF-061361
62,Serial #         :,SN,FLM281906G1
63,Number of Labels :,QTY,1
64,<Done>,BLANK,
65,Item             >,Item,MSF-061361
66,Serial #         :,SN,FLM282402MV
67,Number of Labels :,QTY,1
68,<Done>,BLANK,
69,Item             >,Item,MSF-061361
70,Serial #         :,SN,FLM28330BKG
71,Number of Labels :,QTY,1
72,<Done>,BLANK,
73,Item             >,Item,MSF-061361
74,Serial #         :,SN,FLM28030AQX
75,Number of Labels :,QTY,1
76,<Done>,BLANK,
77,Item             >,Item,MSF-061361
78,Serial #         :,SN,FLM2833076Q
79,Number of Labels :,QTY,1
80,<Done>,BLANK,
81,Item             >,Item,MSF-061361
82,Serial #         :,SN,FLM28240DJ1
83,Number of Labels :,QTY,1
84,<Done>,BLANK,
85,Item             >,Item,MSF-061361
86,Serial #         :,SN,FLM2824099E
87,Number of Labels :,QTY,1
88,<Done>,BLANK,
89,Item             >,Item,MSF-061361
90,Serial #         :,SN,FLM281906G5
91,Number of Labels :,QTY,1
92,<Done>,BLANK,
93,Item             >,Item,MSF-061361
94,Serial #         :,SN,FLM28310JU2
95,Number of Labels :,QTY,1
96,<Done>,BLANK,
97,Item             >,Item,MSF-061361
98,Serial #         :,SN,FLM2750032K
99,Number of Labels :,QTY,1
100,<Done>,BLANK,
101,Item             >,Item,MSF-061361
102,Serial #         :,SN,FLM27390HXS
103,Number of Labels :,QTY,1
104,<Done>,BLANK,
105,Item             >,Item,MSF-061361
106,Serial #         :,SN,FLM252302TA
107,Number of Labels :,QTY,1
108,<Done>,BLANK,
109,Item             >,Item,MSF-061361
110,Serial #         :,SN,FLM264809GH
111,Number of Labels :,QTY,1
112,<Done>,BLANK,
113,Item             >,Item,MSF-061361
114,Serial #         :,SN,FLM28020GYU
115,Number of Labels :,QTY,1
116,<Done>,BLANK,
117,Item             >,Item,MSF-061361
118,Serial #         :,SN,FLM28030APY
119,Number of Labels :,QTY,1
120,<Done>,BLANK,
121,Item             >,Item,MSF-061361
122,Serial #         :,SN,FLM2739032W
123,Number of Labels :,QTY,1
124,<Done>,BLANK,
125,Item             >,Item,MSF-061361
126,Serial #         :,SN,FLM28030CXV
127,Number of Labels :,QTY,1
128,<Done>,BLANK,
129,Item             >,Item,MSF-061361
130,Serial #         :,SN,FLM28310LT4
131,Number of Labels :,QTY,1
132,<Done>,BLANK,
133,Item             >,Item,MSF-061361
134,Serial #         :,SN,FLM282402PF
135,Number of Labels :,QTY,1
136,<Done>,BLANK,
137,Item             >,Item,MSF-061361
138,Serial #         :,SN,FLM282506DB
139,Number of Labels :,QTY,1
140,<Done>,BLANK,
141,Item             >,Item,MSF-061361
142,Serial #         :,SN,FLM2748040N
143,Number of Labels :,QTY,1
144,<Done>,BLANK,
145,Item             >,Item,MSF-061361
146,Serial #         :,SN,FLM28310LNX
147,Number of Labels :,QTY,1
148,<Done>,BLANK,
149,Item             >,Item,MSF-061361
150,Serial #         :,SN,FLM28230DJZ
151,Number of Labels :,QTY,1
152,<Done>,BLANK,
153,Item             >,Item,MSF-061361
154,Serial #         :,SN,FLM273006LJ
155,Number of Labels :,QTY,1
156,<Done>,BLANK,
157,Item             >,Item,MSF-061361
158,Serial #         :,SN,FLM28030G1N
159,Number of Labels :,QTY,1
160,<Done>,BLANK,
161,FINISHED,,
