NUMBER,PROMPT,KEY,DATA
1,Item             >,Item,8102-64H-O
2,SEND,BLANK,1
3,Serial #         :,SN,FLM27400083
4,Number of Labels :,QTY,1
5,<Done>,BLANK,
6,Item             >,Item,8102-64H-O
7,SEND,BLANK,1
8,Serial #         :,SN,FLM285207YL
9,Number of Labels :,QTY,1
10,<Done>,BLANK,
11,Item             >,Item,8102-64H-O
12,SEND,BLANK,1
13,Serial #         :,SN,FLM29040YLY
14,Number of Labels :,QTY,1
15,<Done>,BLANK,
16,Item             >,Item,8102-64H-O
17,SEND,BLANK,1
18,Serial #         :,SN,FLM28020JMN
19,Number of Labels :,QTY,1
20,<Done>,BLANK,
21,Item             >,Item,8102-64H-O
22,SEND,BLANK,1
23,Serial #         :,SN,FLM29020KBF
24,Number of Labels :,QTY,1
25,<Done>,BLANK,
26,Item             >,Item,8102-64H-O
27,SEND,BLANK,1
28,Serial #         :,SN,FLM28460CEX
29,Number of Labels :,QTY,1
30,<Done>,BLANK,
31,Item             >,Item,8102-64H-O
32,SEND,BLANK,1
33,Serial #         :,SN,FLM264107DW
34,Number of Labels :,QTY,1
35,<Done>,BLANK,
36,Item             >,Item,8102-64H-O
37,SEND,BLANK,1
38,Serial #         :,SN,FLM27060DW8
39,Number of Labels :,QTY,1
40,<Done>,BLANK,
41,Item             >,Item,8102-64H-O
42,SEND,BLANK,1
43,Serial #         :,SN,FLM290303LJ
44,Number of Labels :,QTY,1
45,<Done>,BLANK,
46,Item             >,Item,8102-64H-O
47,SEND,BLANK,1
48,Serial #         :,SN,FLM273907DD
49,Number of Labels :,QTY,1
50,<Done>,BLANK,
51,Item             >,Item,8102-64H-O
52,SEND,BLANK,1
53,Serial #         :,SN,FLM27380JHG
54,Number of Labels :,QTY,1
55,<Done>,BLANK,
56,Item             >,Item,8102-64H-O
57,SEND,BLANK,1
58,Serial #         :,SN,FLM27390146
59,Number of Labels :,QTY,1
60,<Done>,BLANK,
61,Item             >,Item,8102-64H-O
62,SEND,BLANK,1
63,Serial #         :,SN,FLM273904NS
64,Number of Labels :,QTY,1
65,<Done>,BLANK,
66,Item             >,Item,8102-64H-O
67,SEND,BLANK,1
68,Serial #         :,SN,FLM270404M8
69,Number of Labels :,QTY,1
70,<Done>,BLANK,
71,Item             >,Item,8102-64H-O
72,SEND,BLANK,1
73,Serial #         :,SN,FLM28460F63
74,Number of Labels :,QTY,1
75,<Done>,BLANK,
76,Item             >,Item,8102-64H-O
77,SEND,BLANK,1
78,Serial #         :,SN,FLM27390004
79,Number of Labels :,QTY,1
80,<Done>,BLANK,
81,Item             >,Item,8102-64H-O
82,SEND,BLANK,1
83,Serial #         :,SN,FLM273906T9
84,Number of Labels :,QTY,1
85,<Done>,BLANK,
86,Item             >,Item,8102-64H-O
87,SEND,BLANK,1
88,Serial #         :,SN,FLM2739014B
89,Number of Labels :,QTY,1
90,<Done>,BLANK,
91,Item             >,Item,8102-64H-O
92,SEND,BLANK,1
93,Serial #         :,SN,FLM273904WQ
94,Number of Labels :,QTY,1
95,<Done>,BLANK,
96,Item             >,Item,8102-64H-O
97,SEND,BLANK,1
98,Serial #         :,SN,FLM27380JGK
99,Number of Labels :,QTY,1
100,<Done>,BLANK,
101,FINISHED,,
102,ASSETLABELS,,
