NUMBER,PROMPT,KEY,DATA
1,Item             >,Item,MSN2700-CS2ROS
2,SEND,BLANK,1
3,Serial #         :,SN,MT2204T21800
4,Number of Labels :,QTY,1
5,<Done>,BLANK,
6,Item             >,Item,MSN2700-CS2ROS
7,SEND,BLANK,1
8,Serial #         :,SN,MT2333J27986
9,Number of Labels :,QTY,1
10,<Done>,BLANK,
11,Item             >,Item,MSN2700-CS2ROS
12,SEND,BLANK,1
13,Serial #         :,SN,MT2242T00N0B
14,Number of Labels :,QTY,1
15,<Done>,BLANK,
16,Item             >,Item,MSN2700-CS2ROS
17,SEND,BLANK,1
18,Serial #         :,SN,MT2242T00MZG
19,Number of Labels :,QTY,1
20,<Done>,BLANK,
21,Item             >,Item,MSN2700-CS2ROS
22,SEND,BLANK,1
23,Serial #         :,SN,MT2242T00N0J
24,Number of Labels :,QTY,1
25,<Done>,BLANK,
26,Item             >,Item,MSN2700-CS2ROS
27,SEND,BLANK,1
28,Serial #         :,SN,MT2242T00MUX
29,Number of Labels :,QTY,1
30,<Done>,BLANK,
31,Item             >,Item,MSN2700-CS2ROS
32,SEND,BLANK,1
33,Serial #         :,SN,MT2333J27978
34,Number of Labels :,QTY,1
35,<Done>,BLANK,
36,Item             >,Item,MSN2700-CS2ROS
37,SEND,BLANK,1
38,Serial #         :,SN,MT2333J27980
39,Number of Labels :,QTY,1
40,<Done>,BLANK,
41,Item             >,Item,MSN2700-CS2ROS
42,SEND,BLANK,1
43,Serial #         :,SN,MT2333J27964
44,Number of Labels :,QTY,1
45,<Done>,BLANK,
46,Item             >,Item,MSN2700-CS2ROS
47,SEND,BLANK,1
48,Serial #         :,SN,MT2333J27974
49,Number of Labels :,QTY,1
50,<Done>,BLANK,
51,Item             >,Item,MSN2700-CS2ROS
52,SEND,BLANK,1
53,Serial #         :,SN,MT2333J27988
54,Number of Labels :,QTY,1
55,<Done>,BLANK,
56,Item             >,Item,MSN2700-CS2ROS
57,SEND,BLANK,1
58,Serial #         :,SN,MT2242T00MVB
59,Number of Labels :,QTY,1
60,<Done>,BLANK,
61,Item             >,Item,MSN2700-CS2ROS
62,SEND,BLANK,1
63,Serial #         :,SN,MT2242T00MZF
64,Number of Labels :,QTY,1
65,<Done>,BLANK,
66,FINISHED,,
