NUMBER,PROMPT,KEY,DATA
1,From LPN  :,ChildLPN,BTS40-8722472
2,To LPN    :,C40,BTS40-8736592
3,Locator   :,BLANK,
4,Item      :,ChildPart,MSF-025599
5,Quantity  :,ChildQty,1
6,Serial # of #:,ChildSN,TMO19464416
7,<Done>,BLANK,
8,From LPN  :,ChildLPN,BTS40-8722472
9,To LPN    :,C40,BTS40-8736593
10,Locator   :,BLANK,
11,Item      :,ChildPart,MSF-025599
12,Quantity  :,ChildQty,1
13,Serial # of #:,ChildSN,TMO19474618
14,<Done>,BLANK,
15,From LPN  :,ChildLPN,BTS40-8722472
16,To LPN    :,C40,BTS40-8736594
17,Locator   :,BLANK,
18,Item      :,ChildPart,MSF-025599
19,Quantity  :,ChildQty,1
20,Serial # of #:,ChildSN,TMO19484890
21,<Done>,BLANK,
22,From LPN  :,ChildLPN,BTS40-8722472
23,To LPN    :,C40,BTS40-8736595
24,Locator   :,BLANK,
25,Item      :,ChildPart,MSF-025599
26,Quantity  :,ChildQty,1
27,Serial # of #:,ChildSN,TMO20015508
28,<Done>,BLANK,
29,From LPN  :,ChildLPN,BTS40-8722472
30,To LPN    :,C40,BTS40-8736596
31,Locator   :,BLANK,
32,Item      :,ChildPart,MSF-025599
33,Quantity  :,ChildQty,1
34,Serial # of #:,ChildSN,TMO20126730
35,<Done>,BLANK,
36,From LPN  :,ChildLPN,BTS40-8722472
37,To LPN    :,C40,BTS40-8736597
38,Locator   :,BLANK,
39,Item      :,ChildPart,MSF-025599
40,Quantity  :,ChildQty,1
41,Serial # of #:,ChildSN,TMO20055896
42,<Done>,BLANK,
43,From LPN  :,ChildLPN,BTS40-8722472
44,To LPN    :,C40,BTS40-8736598
45,Locator   :,BLANK,
46,Item      :,ChildPart,MSF-025599
47,Quantity  :,ChildQty,1
48,Serial # of #:,ChildSN,TMO19474732
49,<Done>,BLANK,
50,From LPN  :,ChildLPN,BTS40-8722472
51,To LPN    :,C40,BTS40-8736599
52,Locator   :,BLANK,
53,Item      :,ChildPart,MSF-025599
54,Quantity  :,ChildQty,1
55,Serial # of #:,ChildSN,TMO19474792
56,<Done>,BLANK,
57,FINISHED,,
58,REPACK,,
