NUMBER,PROMPT,KEY,DATA
1,LPN      >,BLANK,
2,Job      >,Job,3915878
3,SN       >,SN1,JPE19503592
4,<Components>,BLANK,
5,SN       >,SN2,JPE19503592
6,<Next Assm>,BLANK,
7,SN       >,SN1,SGD19472484
8,<Components>,BLANK,
9,SN       >,SN2,SGD19472484
10,<Next Assm>,BLANK,
11,SN       >,SN1,JPE20393185
12,<Components>,BLANK,
13,SN       >,SN2,JPE20393185
14,<Next Assm>,BLANK,
15,SN       >,SN1,JPE20430517
16,<Components>,BLANK,
17,SN       >,SN2,JPE20430517
18,<Next Assm>,BLANK,
19,SN       >,SN1,SGD19503441
20,<Components>,BLANK,
21,SN       >,SN2,SGD19503441
22,<Next Assm>,BLANK,
23,SN       >,SN1,JPE19502721
24,<Components>,BLANK,
25,SN       >,SN2,JPE19502721
26,<Next Assm>,BLANK,
27,SN       >,SN1,SGD19340434
28,<Components>,BLANK,
29,SN       >,SN2,SGD19340434
30,<Next Assm>,BLANK,
31,SN       >,SN1,JPE19503570
32,<Components>,BLANK,
33,SN       >,SN2,JPE19503570
34,<Next Assm>,BLANK,
35,SN       >,SN1,JPE20363363
36,<Components>,BLANK,
37,SN       >,SN2,JPE20363363
38,<Next Assm>,BLANK,
39,SN       >,SN1,JPE20430577
40,<Components>,BLANK,
41,SN       >,SN2,JPE20430577
42,<Next Assm>,BLANK,
43,SN       >,SN1,JPE20382680
44,<Components>,BLANK,
45,SN       >,SN2,JPE20382680
46,<Next Assm>,BLANK,
47,SN       >,SN1,JPE20394372
48,<Components>,BLANK,
49,SN       >,SN2,JPE20394372
50,<Next Assm>,BLANK,
51,SN       >,SN1,JPE19483656
52,<Components>,BLANK,
53,SN       >,SN2,JPE19483656
54,<Next Assm>,BLANK,
55,SN       >,SN1,JPE19471008
56,<Components>,BLANK,
57,SN       >,SN2,JPE19471008
58,<Next Assm>,BLANK,
59,SN       >,SN1,JPE20443099
60,<Components>,BLANK,
61,SN       >,SN2,JPE20443099
62,<Next Assm>,BLANK,
63,SN       >,SN1,SGD19503295
64,<Components>,BLANK,
65,SN       >,SN2,SGD19503295
66,<Next Assm>,BLANK,
67,SN       >,SN1,SGD19503258
68,<Components>,BLANK,
69,SN       >,SN2,SGD19503258
70,<Next Assm>,BLANK,
71,SN       >,SN1,SGD19230921
72,<Components>,BLANK,
73,SN       >,SN2,SGD19230921
74,<Next Assm>,BLANK,
75,SN       >,SN1,JPE19503557
76,<Components>,BLANK,
77,SN       >,SN2,JPE19503557
78,<Next Assm>,BLANK,
79,SN       >,SN1,JPE19503532
80,<Components>,BLANK,
81,SN       >,SN2,JPE19503532
82,<Next Assm>,BLANK,
83,SN       >,SN1,JPE19483585
84,<Components>,BLANK,
85,SN       >,SN2,JPE19483585
86,<Next Assm>,BLANK,
87,SN       >,SN1,JPE19503520
88,<Components>,BLANK,
89,SN       >,SN2,JPE19503520
90,<Next Assm>,BLANK,
91,SN       >,SN1,JPE20443137
92,<Components>,BLANK,
93,SN       >,SN2,JPE20443137
94,<Next Assm>,BLANK,
95,SN       >,SN1,SGD19503327
96,<Components>,BLANK,
97,SN       >,SN2,SGD19503327
98,<Next Assm>,BLANK,
99,SN       >,SN1,SGD19503387
100,<Components>,BLANK,
101,SN       >,SN2,SGD19503387
102,<Next Assm>,BLANK,
103,SN       >,SN1,JPE19503521
104,<Components>,BLANK,
105,SN       >,SN2,JPE19503521
106,<Next Assm>,BLANK,
107,SN       >,SN1,JPE20430476
108,<Components>,BLANK,
109,SN       >,SN2,JPE20430476
110,<Next Assm>,BLANK,
111,SN       >,SN1,JPE20400023
112,<Components>,BLANK,
113,SN       >,SN2,JPE20400023
114,<Next Assm>,BLANK,
115,SN       >,SN1,SGD20081003
116,<Components>,BLANK,
117,SN       >,SN2,SGD20081003
118,FINISHED,,
